order_item_id,order_id,product_id,quantity,price
1,100000,4,2,8.39
2,100000,7,2,12.88
3,100000,1,3,18.15
4,100000,13,2,17.03
5,100001,3,2,10.52
6,100001,1,1,14.91
7,100001,17,1,12.64
8,100002,15,1,15.55
9,100002,13,1,16.18
10,100002,3,1,8.11
11,100002,13,3,11.42
12,100003,7,3,16.96
13,100003,15,1,12.56
14,100004,12,3,10.16
15,100005,9,3,15.65
16,100005,13,3,8.42
17,100006,1,2,14.98
18,100006,15,2,18.61
19,100007,18,1,14.4
20,100007,17,3,10.13
21,100007,17,1,8.15
22,100007,1,2,13.08
23,100008,5,1,17.67
24,100008,19,2,9.35
25,100009,17,2,18.52
26,100009,20,3,11.47
27,100009,14,1,12.97
28,100009,2,2,11.43
29,100010,5,1,14.42
30,100010,19,3,11.69
31,100010,14,2,19.66
32,100010,18,1,13.1
33,100011,4,2,17.22
34,100011,7,1,14.68
35,100011,19,1,14.65
36,100012,6,3,15.66
37,100013,5,2,10.63
38,100014,17,2,8.72
39,100014,3,1,17.68
40,100014,16,2,11.23
41,100014,4,2,10.22
42,100015,2,1,18.19
43,100015,10,1,13.79
44,100015,16,3,14.73
45,100016,15,2,16.49
46,100016,20,2,19.94
47,100016,10,2,19.36
48,100017,12,1,8.57
49,100017,18,2,8.65
50,100017,17,1,9.57
51,100017,8,3,14.38
52,100018,11,1,10.02
53,100018,6,2,8.61
54,100018,17,3,8.97
55,100018,2,3,14.72
56,100019,10,2,17.33
57,100019,10,3,13.38
58,100019,20,1,8.06
59,100020,4,3,13.93
60,100020,6,1,19.64
61,100020,20,3,15.62
62,100020,18,3,15.86
63,100021,19,2,15.03
64,100022,6,1,15.42
65,100022,4,3,15.85
66,100023,7,1,15.63
67,100023,9,3,19.02
68,100023,4,3,11.76
69,100023,4,2,15.87
70,100024,9,3,15.69
71,100024,16,3,14.73
72,100025,16,2,17.58
73,100025,8,2,11.13
74,100025,9,2,11.2
75,100026,9,2,19.77
76,100026,7,3,10.12
77,100026,15,1,10.34
78,100026,12,3,19.5
79,100027,8,1,8.71
80,100027,4,2,16.08
81,100027,19,3,12.95
82,100027,19,2,17.32
83,100028,16,1,12.3
84,100028,17,1,17.17
85,100028,14,3,19.16
86,100029,6,1,15.17
87,100029,1,1,12.05
88,100029,17,1,18.72
89,100029,7,3,19.64
90,100030,5,1,8.86
91,100030,15,1,19.88
92,100030,6,2,17.21
93,100030,2,2,11.01
94,100031,6,1,12.26
95,100032,11,1,15.27
96,100032,5,2,18.31
97,100033,18,3,12.72
98,100034,4,2,18.76
99,100035,7,2,15.69
100,100035,8,1,12.68
101,100036,12,3,8.93
102,100036,15,1,16.31
103,100037,16,2,16.09
104,100037,14,2,15.05
105,100037,4,2,13.98
106,100038,1,2,10.98
107,100038,16,1,14.73
108,100038,9,1,11.24
109,100038,2,3,15.54
110,100039,9,3,17.22
111,100039,16,1,12.12
112,100040,3,3,11.36
113,100041,1,3,9.34
114,100041,6,2,19.59
115,100041,13,3,16.32
116,100042,4,2,19.45
117,100042,12,2,18.59
118,100042,12,2,14.24
119,100042,10,1,16.38
120,100043,2,3,11.78
121,100043,13,2,15.81
122,100043,15,1,10.02
123,100043,19,2,16.94
124,100044,14,2,15.53
125,100044,17,3,18.91
126,100044,19,3,15.76
127,100045,17,3,16.89
128,100045,14,2,11.46
129,100046,6,1,19.36
130,100047,11,1,15.77
131,100047,10,3,15.23
132,100047,11,3,18.62
133,100048,13,2,14.44
134,100048,1,2,18.61
135,100048,4,1,9.01
136,100048,12,3,16.79
137,100049,15,2,19.18
138,100049,18,2,12.31
139,100049,17,3,12.66
140,100049,3,2,8.87
141,100050,11,2,12.44
142,100050,14,1,15.68
143,100051,18,2,19.53
144,100051,14,1,15.59
145,100052,1,1,11.12
146,100052,12,2,13.14
147,100052,14,2,10.33
148,100052,7,3,15.78
149,100053,4,2,14.27
150,100053,19,2,10.18
151,100053,17,3,18.03
152,100053,10,3,9.29
153,100054,8,3,8.01
154,100054,17,2,9.38
155,100055,13,3,19.64
156,100056,11,1,10.1
157,100056,9,1,16.57
158,100057,18,2,9.27
159,100057,18,1,11.65
160,100057,4,2,18.09
161,100058,3,3,16.76
162,100058,7,2,12.81
163,100058,5,1,15.1
164,100059,20,2,16.62
165,100059,17,1,17.03
166,100059,4,3,14.36
167,100059,16,1,11.92
168,100060,1,3,11.22
169,100060,14,3,13.95
170,100060,17,1,15.71
171,100060,20,2,13.61
172,100061,14,2,14.5
173,100062,8,1,9.19
174,100062,13,3,8.38
175,100062,8,1,15.28
176,100062,3,2,18.54
177,100063,5,2,19.3
178,100063,20,1,19.77
179,100063,15,1,15.09
180,100064,12,3,19.7
181,100064,17,2,13.69
182,100065,4,3,8.37
183,100065,11,3,11.81
184,100065,5,3,14.83
185,100065,16,2,9.0
186,100066,15,3,11.3
187,100066,12,1,18.82
188,100066,3,1,8.02
189,100066,18,3,10.33
190,100067,18,3,12.29
191,100067,2,1,15.81
192,100067,5,1,8.15
193,100067,9,2,13.62
194,100068,1,1,9.27
195,100069,2,2,12.75
196,100069,9,3,8.21
197,100070,16,3,10.45
198,100070,4,3,9.93
199,100070,19,3,11.6
200,100071,11,1,17.18
201,100071,13,1,19.7
202,100072,3,1,8.8
203,100072,19,1,13.47
204,100073,12,2,18.2
205,100073,17,1,14.27
206,100073,14,3,15.17
207,100073,13,1,12.19
208,100074,19,2,19.81
209,100074,1,3,19.55
210,100075,5,2,9.91
211,100075,16,3,13.93
212,100075,2,1,12.52
213,100075,6,1,14.8
214,100076,8,2,11.48
215,100076,11,1,16.63
216,100076,19,2,18.26
217,100077,4,3,8.47
218,100077,19,2,10.17
219,100078,19,3,19.72
220,100079,4,1,8.27
221,100080,6,1,15.2
222,100080,2,1,13.75
223,100081,11,3,18.59
224,100082,6,2,13.08
225,100082,16,1,8.19
226,100082,15,2,11.16
227,100082,18,3,13.32
228,100083,10,2,10.85
229,100083,12,2,12.25
230,100084,10,1,17.54
231,100085,18,3,8.63
232,100085,6,2,8.97
233,100085,10,1,19.65
234,100085,20,2,12.0
235,100086,12,3,16.58
236,100086,18,2,15.45
237,100087,5,3,11.76
238,100087,7,2,13.26
239,100088,18,3,11.0
240,100088,3,2,17.48
241,100089,18,2,10.45
242,100089,15,2,19.27
243,100089,6,2,19.06
244,100089,11,3,9.85
245,100090,12,3,17.69
246,100090,11,1,11.31
247,100090,13,3,19.79
248,100091,20,3,14.45
249,100091,13,3,16.73
250,100091,10,2,16.09
251,100091,20,1,18.04
252,100092,1,3,14.49
253,100092,6,3,18.47
254,100092,17,2,14.35
255,100093,19,1,19.85
256,100093,20,3,9.65
257,100093,1,3,14.39
258,100094,7,1,12.88
259,100094,16,1,11.23
260,100094,15,2,8.44
261,100095,10,1,16.06
262,100095,8,2,17.6
263,100095,11,1,13.47
264,100096,1,2,8.23
265,100097,18,1,11.57
266,100098,20,3,17.26
267,100098,14,2,8.24
268,100099,14,2,14.36
269,100099,7,1,16.35
270,100099,19,2,13.29
271,100099,12,1,14.73
272,100100,14,3,11.37
273,100100,9,2,18.69
274,100101,12,1,10.24
275,100101,12,1,16.53
276,100102,6,1,13.51
277,100102,6,3,13.35
278,100103,1,2,18.91
279,100103,3,1,18.77
280,100103,2,1,18.48
281,100103,11,3,18.24
282,100104,19,3,19.12
283,100104,17,2,11.66
284,100104,16,1,10.64
285,100104,12,3,14.21
286,100105,3,1,10.15
287,100105,11,3,10.22
288,100106,5,1,9.5
289,100106,4,2,9.08
290,100106,3,3,19.23
291,100106,16,3,18.65
292,100107,9,1,13.9
293,100107,16,1,19.76
294,100107,6,1,12.55
295,100108,12,2,11.44
296,100108,12,3,9.43
297,100109,8,1,13.79
298,100109,16,3,11.86
299,100109,10,2,17.11
300,100110,9,3,18.79
301,100111,1,2,9.35
302,100111,16,2,11.22
303,100111,3,3,17.9
304,100111,16,1,9.19
305,100112,8,2,17.97
306,100112,10,2,13.96
307,100112,2,1,18.16
308,100112,9,1,10.6
309,100113,1,1,8.97
310,100113,8,1,8.92
311,100113,13,1,17.4
312,100113,16,2,8.66
313,100114,9,2,17.52
314,100114,5,1,19.68
315,100115,16,3,9.33
316,100115,12,2,12.49
317,100115,8,1,13.76
318,100116,5,2,14.19
319,100117,5,3,8.62
320,100118,19,1,18.05
321,100118,18,2,11.74
322,100118,18,1,11.48
323,100118,14,1,13.19
324,100119,4,2,19.03
325,100119,1,2,13.65
326,100119,9,1,18.29
327,100120,18,3,12.4
328,100120,4,3,12.54
329,100120,20,3,13.39
330,100120,20,1,12.66
331,100121,6,3,9.45
332,100121,12,2,14.82
333,100121,14,3,11.02
334,100122,8,3,14.1
335,100122,10,1,19.74
336,100122,2,1,13.32
337,100123,2,1,8.13
338,100123,20,2,13.93
339,100124,13,2,15.25
340,100124,11,3,18.22
341,100125,1,3,13.78
342,100125,4,1,10.38
343,100125,9,1,10.39
344,100125,17,3,16.63
345,100126,7,2,12.16
346,100127,8,1,8.82
347,100127,5,3,16.05
348,100127,18,3,10.06
349,100128,14,2,16.02
350,100128,13,3,12.29
351,100128,4,1,13.68
352,100129,3,2,17.29
353,100130,4,3,9.86
354,100131,7,3,16.19
355,100131,1,2,16.13
356,100131,17,1,17.95
357,100131,14,2,18.26
358,100132,5,1,12.36
359,100132,14,2,15.65
360,100132,10,1,14.27
361,100132,15,2,10.99
362,100133,10,2,14.43
363,100133,8,2,19.39
364,100133,10,3,11.76
365,100134,5,1,11.64
366,100135,8,2,15.18
367,100136,15,1,19.02
368,100136,7,2,9.19
369,100136,16,1,11.2
370,100137,8,3,16.93
371,100138,19,2,10.29
372,100138,5,1,17.19
373,100139,7,3,12.16
374,100139,17,2,11.66
375,100139,11,3,18.67
376,100139,12,2,8.82
377,100140,13,2,17.69
378,100140,19,1,16.36
379,100140,12,3,19.34
380,100141,2,2,16.87
381,100141,17,2,19.48
382,100142,11,3,16.97
383,100142,7,3,11.73
384,100143,14,3,12.57
385,100143,12,2,19.01
386,100143,1,1,17.5
387,100143,20,3,18.51
388,100144,4,2,17.91
389,100144,8,1,11.91
390,100144,11,3,9.9
391,100145,16,3,12.77
392,100145,15,2,8.4
393,100145,20,1,13.9
394,100146,14,2,18.41
395,100146,18,1,19.08
396,100146,13,2,13.7
397,100146,2,3,8.52
398,100147,1,3,13.12
399,100148,17,3,11.38
400,100149,6,2,9.97
401,100149,10,1,17.88
402,100149,15,2,12.52
403,100150,20,1,13.57
404,100150,1,3,16.78
405,100150,3,2,9.69
406,100150,12,3,13.79
407,100151,14,2,13.93
408,100151,7,3,10.41
409,100152,19,1,16.86
410,100152,16,3,8.52
411,100152,16,1,16.25
412,100153,3,3,15.82
413,100153,8,1,14.52
414,100154,16,1,11.74
415,100154,2,2,10.41
416,100154,2,1,12.61
417,100154,11,3,15.97
418,100155,12,2,14.54
419,100155,13,3,20.0
420,100155,2,2,15.86
421,100155,18,2,9.74
422,100156,19,3,12.93
423,100156,12,2,10.84
424,100156,15,2,16.21
425,100157,20,2,18.78
426,100157,4,2,10.75
427,100157,14,3,14.34
428,100157,17,1,12.28
429,100158,3,3,11.49
430,100159,15,2,17.14
431,100160,11,3,17.39
432,100160,7,1,16.62
433,100160,10,1,14.76
434,100160,8,3,14.21
435,100161,18,2,9.12
436,100161,15,3,18.46
437,100161,15,2,8.48
438,100162,20,2,19.22
439,100162,19,1,10.22
440,100162,4,2,16.08
441,100162,1,1,14.54
442,100163,9,1,13.98
443,100163,16,2,18.18
444,100163,10,3,12.03
445,100163,6,3,15.85
446,100164,6,2,15.59
447,100164,2,3,18.08
448,100164,9,3,10.33
449,100164,20,1,13.0
450,100165,16,1,10.02
451,100166,16,1,11.02
452,100166,19,3,17.46
453,100166,12,2,8.34
454,100167,12,3,9.86
455,100168,12,3,8.93
456,100168,4,3,18.44
457,100168,2,1,18.56
458,100169,16,3,10.12
459,100169,9,1,11.69
460,100169,4,1,17.37
461,100169,9,3,8.74
462,100170,14,2,12.89
463,100170,13,2,14.72
464,100171,19,3,13.03
465,100172,9,3,8.03
466,100172,6,1,12.09
467,100172,17,3,19.25
468,100172,15,3,13.85
469,100173,13,2,9.82
470,100173,2,2,19.31
471,100173,1,3,8.39
472,100173,2,2,19.67
473,100174,8,1,9.05
474,100174,10,1,11.04
475,100174,10,1,16.6
476,100174,19,1,8.74
477,100175,13,3,14.55
478,100176,15,1,18.5
479,100177,16,1,9.62
480,100178,14,2,14.0
481,100179,6,1,8.47
482,100179,9,2,11.49
483,100179,16,1,15.91
484,100179,11,3,8.96
485,100180,15,2,8.96
486,100181,7,1,16.62
487,100181,6,2,14.0
488,100181,10,1,18.72
489,100181,18,2,15.72
490,100182,15,1,15.28
491,100182,15,3,16.56
492,100183,13,3,15.15
493,100183,1,3,11.08
494,100184,14,2,10.49
495,100184,7,2,8.66
496,100185,1,2,8.07
497,100185,12,2,14.69
498,100185,9,1,13.62
499,100185,1,2,16.18
500,100186,14,2,16.61
501,100187,19,3,13.65
502,100187,13,3,13.1
503,100187,13,2,14.51
504,100187,5,3,11.98
505,100188,7,2,14.85
506,100188,7,2,15.06
507,100189,2,1,13.6
508,100189,2,2,14.72
509,100189,16,1,15.89
510,100190,7,2,16.98
511,100190,8,3,9.32
512,100191,15,2,18.75
513,100192,7,3,17.55
514,100192,10,1,11.76
515,100192,18,3,15.69
516,100193,17,2,11.76
517,100193,7,1,14.29
518,100194,15,1,14.44
519,100194,13,2,14.62
520,100194,20,3,18.26
521,100195,9,1,12.33
522,100196,19,1,19.5
523,100196,19,2,15.95
524,100197,15,3,15.42
525,100197,18,2,14.21
526,100197,10,1,9.8
527,100197,7,1,11.21
528,100198,8,2,17.52
529,100198,13,2,12.83
530,100198,15,2,10.06
531,100199,18,2,12.48
532,100199,5,2,16.35
533,100199,9,3,17.66
534,100199,7,3,9.8
535,100200,20,1,16.23
536,100200,7,1,10.35
537,100200,1,2,17.9
538,100201,9,1,15.49
539,100202,9,1,16.16
540,100203,8,3,18.14
541,100203,10,1,11.57
542,100204,14,2,9.64
543,100204,3,1,13.57
544,100204,19,3,9.62
545,100204,8,1,9.58
546,100205,3,2,15.58
547,100206,6,2,13.43
548,100206,10,2,10.89
549,100206,12,1,19.68
550,100207,4,3,15.12
551,100207,4,2,15.66
552,100207,1,1,10.49
553,100207,7,3,14.17
554,100208,15,2,12.11
555,100209,14,3,15.0
556,100209,11,1,12.34
557,100209,18,1,14.19
558,100209,15,3,18.88
559,100210,17,1,16.77
560,100211,3,3,8.07
561,100211,6,1,18.4
562,100212,18,2,15.04
563,100212,11,2,19.89
564,100212,6,3,17.36
565,100212,13,1,17.38
566,100213,6,1,17.81
567,100213,2,3,14.52
568,100214,11,3,13.19
569,100214,1,3,8.72
570,100215,20,2,11.94
571,100215,7,3,12.25
572,100215,2,3,13.65
573,100215,13,1,12.15
574,100216,2,3,15.75
575,100216,1,2,14.97
576,100217,18,3,17.47
577,100218,11,1,15.01
578,100218,12,3,19.03
579,100218,18,3,12.87
580,100219,9,2,11.87
581,100220,15,2,10.45
582,100220,12,3,13.7
583,100221,10,1,18.99
584,100221,11,1,13.02
585,100222,10,2,17.87
586,100222,17,2,11.41
587,100222,15,3,9.22
588,100223,17,1,16.39
589,100224,20,1,15.56
590,100224,9,2,15.62
591,100224,9,3,14.0
592,100224,8,2,13.76
593,100225,1,3,16.33
594,100226,11,2,8.83
595,100226,20,2,18.5
596,100226,3,1,15.22
597,100226,19,3,14.47
598,100227,7,2,12.72
599,100228,11,3,11.6
600,100228,10,1,14.35
601,100228,9,2,10.27
602,100229,11,3,15.92
603,100230,16,2,16.59
604,100230,13,2,14.62
605,100231,17,1,14.81
606,100231,4,2,19.94
607,100231,13,1,8.67
608,100232,12,1,13.09
609,100232,20,3,18.85
610,100232,9,3,16.51
611,100232,3,1,17.65
612,100233,2,3,8.25
613,100233,10,3,15.45
614,100233,12,1,18.93
615,100233,10,2,16.38
616,100234,4,1,19.98
617,100234,16,3,19.65
618,100235,18,2,13.61
619,100236,11,2,17.91
620,100236,3,2,14.29
621,100236,14,1,11.64
622,100236,11,2,9.54
623,100237,2,1,12.94
624,100237,4,3,16.69
625,100238,7,1,13.03
626,100238,11,1,15.31
627,100238,11,3,14.2
628,100239,19,3,14.49
629,100239,6,3,13.85
630,100239,1,3,9.34
631,100239,11,1,13.69
632,100240,13,1,14.64
633,100240,9,2,10.45
634,100241,13,1,13.17
635,100241,7,1,19.7
636,100241,12,3,9.25
637,100241,10,3,13.29
638,100242,1,2,18.49
639,100243,10,3,10.84
640,100243,1,3,16.2
641,100243,2,2,17.65
642,100244,15,2,15.3
643,100244,4,3,10.98
644,100244,4,2,11.59
645,100244,13,1,10.55
646,100245,2,3,19.94
647,100245,3,2,14.35
648,100246,11,3,8.27
649,100247,18,3,13.57
650,100247,1,1,12.44
651,100248,9,2,19.95
652,100249,9,2,9.71
653,100249,15,3,13.79
654,100249,11,2,14.4
655,100250,18,3,14.51
656,100250,17,1,19.12
657,100251,17,2,16.91
658,100252,6,3,15.15
659,100252,17,1,12.87
660,100252,4,1,9.08
661,100253,16,1,10.72
662,100253,16,3,13.56
663,100253,18,2,16.0
664,100254,5,2,18.03
665,100254,4,3,10.39
666,100254,2,2,12.0
667,100255,13,3,15.22
668,100255,7,1,18.17
669,100255,20,2,9.07
670,100256,1,2,19.53
671,100256,8,1,15.69
672,100257,18,2,12.42
673,100257,10,1,11.0
674,100258,7,2,9.42
675,100258,4,3,15.63
676,100258,19,2,15.32
677,100258,2,1,9.96
678,100259,8,3,18.11
679,100259,8,3,11.14
680,100259,19,2,12.74
681,100260,14,1,14.97
682,100260,4,2,9.16
683,100261,4,2,9.35
684,100261,19,3,16.63
685,100262,14,2,15.99
686,100262,5,1,19.13
687,100262,4,2,10.28
688,100263,3,2,17.32
689,100263,4,2,14.95
690,100263,10,2,8.06
691,100263,20,3,14.94
692,100264,4,3,16.65
693,100264,9,1,13.08
694,100265,5,1,10.65
695,100266,17,1,8.6
696,100266,19,3,19.39
697,100266,17,1,17.53
698,100267,1,2,15.6
699,100267,6,2,15.9
700,100268,12,1,14.16
701,100268,1,3,8.52
702,100268,15,3,19.81
703,100269,3,1,8.13
704,100270,12,1,9.56
705,100270,16,2,12.28
706,100271,12,3,12.1
707,100271,16,1,19.96
708,100271,11,2,9.67
709,100272,15,3,14.73
710,100272,12,3,11.83
711,100272,18,2,15.69
712,100273,1,2,8.57
713,100273,12,3,16.86
714,100274,20,2,11.06
715,100275,6,1,9.21
716,100276,17,1,13.27
717,100276,20,1,13.87
718,100276,14,2,12.07
719,100277,3,2,15.69
720,100277,3,2,14.9
721,100277,17,1,8.21
722,100277,13,3,11.18
723,100278,8,3,19.73
724,100278,2,2,17.44
725,100278,19,1,14.36
726,100279,3,1,8.1
727,100279,1,3,15.25
728,100280,9,2,13.41
729,100280,17,2,12.2
730,100280,17,3,13.76
731,100281,3,3,16.44
732,100281,4,2,10.57
733,100281,14,1,15.64
734,100282,2,2,17.07
735,100283,18,2,10.92
736,100283,5,3,16.36
737,100283,16,2,15.39
738,100284,2,3,11.06
739,100284,5,3,17.14
740,100285,16,1,18.75
741,100285,12,1,17.35
742,100286,7,3,10.34
743,100286,9,2,8.16
744,100286,6,3,10.17
745,100287,3,3,17.49
746,100287,5,2,15.58
747,100287,12,1,8.96
748,100287,19,1,8.86
749,100288,8,1,12.62
750,100289,7,2,8.78
751,100289,3,3,15.57
752,100290,17,1,8.56
753,100290,6,3,14.35
754,100290,16,2,11.64
755,100290,14,2,17.39
756,100291,7,2,9.54
757,100291,7,1,16.17
758,100292,3,3,18.17
759,100292,16,3,11.83
760,100292,10,1,12.42
761,100292,15,2,10.53
762,100293,20,2,15.28
763,100293,6,2,14.35
764,100294,16,1,15.84
765,100294,6,1,15.75
766,100294,12,1,17.05
767,100295,10,2,19.84
768,100295,11,2,8.47
769,100295,14,1,9.23
770,100296,8,2,17.52
771,100296,5,3,18.65
772,100296,4,3,11.54
773,100296,9,2,12.12
774,100297,3,1,8.1
775,100297,15,3,11.3
776,100297,10,2,15.88
777,100298,14,1,18.36
778,100298,11,3,15.7
779,100299,11,3,13.0
780,100299,16,3,12.87
781,100299,3,1,13.36
782,100300,18,2,12.46
783,100301,2,2,10.78
784,100301,14,1,19.81
785,100302,7,1,9.98
786,100302,8,2,8.49
787,100302,10,3,13.92
788,100302,19,2,15.94
789,100303,1,3,19.76
790,100303,1,2,19.93
791,100304,18,3,14.34
792,100304,11,1,10.01
793,100304,15,3,9.78
794,100304,3,3,9.29
795,100305,19,1,16.38
796,100305,15,1,13.61
797,100306,19,2,17.34
798,100306,4,2,16.08
799,100307,17,1,19.84
800,100307,4,2,19.16
801,100307,10,2,12.29
802,100308,19,1,8.07
803,100308,6,1,12.07
804,100308,1,2,11.47
805,100309,10,2,19.75
806,100309,18,1,19.25
807,100310,4,1,13.67
808,100310,4,1,14.77
809,100310,12,3,16.2
810,100311,2,2,14.12
811,100312,11,3,9.08
812,100312,10,2,16.18
813,100312,1,2,19.5
814,100313,15,3,15.88
815,100313,8,3,12.61
816,100313,19,3,18.42
817,100313,18,2,13.5
818,100314,8,2,13.19
819,100314,5,3,11.34
820,100314,12,2,13.99
821,100315,11,3,14.65
822,100315,20,3,16.94
823,100315,1,3,11.45
824,100316,3,3,16.45
825,100316,3,3,14.06
826,100316,13,1,11.75
827,100316,8,1,9.61
828,100317,15,1,19.81
829,100317,19,2,12.07
830,100317,16,3,13.9
831,100318,19,2,11.26
832,100318,17,3,16.59
833,100319,17,2,18.56
834,100319,20,3,16.38
835,100319,4,3,9.63
836,100320,10,3,19.04
837,100320,13,3,15.64
838,100321,19,2,14.96
839,100322,15,1,8.95
840,100322,2,3,18.62
841,100322,14,3,10.54
842,100323,10,3,19.43
843,100323,4,2,18.6
844,100324,2,3,13.61
845,100324,4,2,16.6
846,100324,12,2,9.64
847,100325,14,1,16.14
848,100325,9,2,18.54
849,100326,4,2,19.8
850,100326,9,1,14.49
851,100327,15,3,15.96
852,100327,5,2,19.99
853,100327,16,3,11.33
854,100328,17,1,16.7
855,100329,7,3,12.26
856,100329,12,3,8.94
857,100330,15,2,17.99
858,100330,5,3,15.77
859,100330,17,1,11.21
860,100331,15,3,8.08
861,100332,3,2,19.39
862,100332,20,3,11.83
863,100333,16,3,11.72
864,100333,9,2,12.16
865,100334,9,3,13.57
866,100334,15,3,17.46
867,100334,10,3,15.04
868,100335,17,3,10.68
869,100336,5,2,19.5
870,100336,5,2,17.11
871,100336,10,1,18.37
872,100336,19,1,8.11
873,100337,11,1,15.63
874,100338,19,1,12.84
875,100338,14,1,14.61
876,100338,16,2,11.22
877,100339,12,1,10.99
878,100339,11,1,12.54
879,100340,18,1,12.4
880,100340,7,1,13.33
881,100340,9,1,17.46
882,100341,2,2,8.68
883,100341,8,3,9.76
884,100341,9,2,10.46
885,100342,13,1,15.82
886,100342,16,2,16.53
887,100343,1,3,10.97
888,100344,9,3,16.39
889,100344,6,2,12.79
890,100344,3,2,10.93
891,100345,5,1,10.42
892,100345,13,3,8.6
893,100345,5,3,8.63
894,100346,18,2,16.45
895,100347,4,1,13.78
896,100347,19,3,15.9
897,100347,4,2,14.21
898,100348,20,2,18.14
899,100348,3,1,10.59
900,100348,5,2,14.37
901,100348,3,2,9.34
902,100349,10,3,10.35
903,100350,1,2,14.21
904,100350,15,2,13.24
905,100351,12,1,12.45
906,100351,20,3,14.59
907,100351,4,2,16.68
908,100352,3,3,16.62
909,100352,20,1,17.27
910,100352,16,2,8.19
911,100352,1,3,10.96
912,100353,15,3,12.82
913,100353,9,2,18.7
914,100353,15,3,14.41
915,100354,17,2,19.25
916,100355,7,3,9.81
917,100355,5,2,10.23
918,100355,5,1,10.93
919,100356,10,1,15.86
920,100356,9,3,18.45
921,100356,1,1,10.26
922,100357,5,1,15.75
923,100358,11,3,10.19
924,100359,9,2,15.09
925,100359,1,2,17.35
926,100359,1,2,15.51
927,100359,12,3,14.65
928,100360,8,1,10.48
929,100361,12,2,10.62
930,100361,12,3,9.24
931,100361,16,1,18.3
932,100362,1,1,10.77
933,100362,4,1,17.81
934,100362,9,3,10.93
935,100362,8,2,17.35
936,100363,7,3,8.86
937,100363,13,1,19.93
938,100363,8,1,19.73
939,100363,2,2,14.9
940,100364,15,2,8.55
941,100364,1,1,16.98
942,100364,19,3,10.76
943,100364,8,1,8.99
944,100365,10,2,8.97
945,100365,14,3,17.33
946,100365,5,2,11.24
947,100366,15,1,17.87
948,100366,2,3,15.55
949,100366,8,3,11.81
950,100366,10,1,16.08
951,100367,4,3,18.63
952,100368,10,2,15.03
953,100369,17,3,14.73
954,100369,13,2,17.47
955,100369,16,3,12.77
956,100369,15,1,17.25
957,100370,10,2,8.29
958,100370,5,1,14.1
959,100371,9,1,14.93
960,100371,6,2,9.2
961,100371,16,2,16.25
962,100372,10,3,12.36
963,100372,18,2,8.25
964,100372,7,2,15.7
965,100372,16,3,15.86
966,100373,13,1,17.1
967,100374,2,1,12.15
968,100374,6,3,17.4
969,100375,8,3,11.89
970,100375,17,3,12.24
971,100375,6,2,18.04
972,100375,2,2,19.47
973,100376,9,1,18.76
974,100376,7,2,8.62
975,100376,3,2,11.79
976,100377,16,1,8.71
977,100378,17,3,18.9
978,100378,7,3,19.38
979,100378,2,2,14.99
980,100379,18,3,18.55
981,100379,6,2,18.45
982,100379,11,3,16.45
983,100379,8,2,9.88
984,100380,15,3,13.35
985,100380,3,2,11.71
986,100381,18,1,10.06
987,100381,8,1,18.63
988,100382,1,1,8.12
989,100382,4,3,11.43
990,100382,11,2,14.92
991,100382,18,2,18.34
992,100383,10,2,16.0
993,100384,12,2,12.35
994,100384,19,2,13.09
995,100385,3,3,19.58
996,100386,5,3,10.28
997,100386,4,3,16.38
998,100386,5,3,12.93
999,100387,4,3,9.29
1000,100388,14,1,10.75
1001,100388,2,3,12.82
1002,100388,12,2,16.2
1003,100388,10,1,12.83
1004,100389,10,2,8.22
1005,100389,19,3,9.55
1006,100390,13,2,12.57
1007,100390,9,3,10.99
1008,100390,17,3,12.34
1009,100390,2,3,10.97
1010,100391,18,1,13.61
1011,100391,16,1,8.63
1012,100391,4,2,9.36
1013,100391,3,3,16.77
1014,100392,11,1,8.58
1015,100393,1,3,14.04
1016,100393,5,3,15.53
1017,100393,8,3,19.9
1018,100394,6,3,10.84
1019,100395,18,3,17.51
1020,100395,18,2,19.76
1021,100395,19,1,13.73
1022,100396,11,3,11.99
1023,100396,8,3,19.88
1024,100397,1,1,18.76
1025,100397,13,1,17.99
1026,100398,3,2,17.51
1027,100398,10,2,13.6
1028,100399,17,3,18.91
1029,100399,17,1,14.76
1030,100399,3,2,13.54
1031,100400,3,2,13.56
1032,100400,7,3,16.68
1033,100400,19,1,17.25
1034,100400,19,1,11.21
1035,100401,10,1,18.94
1036,100401,15,1,18.11
1037,100402,18,1,19.11
1038,100402,12,2,9.76
1039,100402,15,3,11.21
1040,100403,12,3,9.88
1041,100403,15,3,17.9
1042,100403,10,1,11.85
1043,100404,5,2,17.51
1044,100405,10,2,12.63
1045,100405,9,3,14.13
1046,100406,14,2,10.7
1047,100407,8,1,15.32
1048,100407,1,1,16.69
1049,100407,1,3,19.46
1050,100408,5,1,8.22
1051,100408,3,1,18.15
1052,100408,14,1,16.3
1053,100408,9,1,15.8
1054,100409,13,1,9.15
1055,100409,9,3,9.73
1056,100409,10,1,13.13
1057,100409,12,3,18.25
1058,100410,17,3,9.71
1059,100410,17,3,19.75
1060,100411,10,2,13.86
1061,100411,3,2,14.32
1062,100411,8,2,10.94
1063,100412,6,1,16.64
1064,100412,20,2,18.23
1065,100413,9,2,18.49
1066,100413,16,2,11.56
1067,100414,17,1,10.19
1068,100415,20,1,8.9
1069,100415,15,2,15.07
1070,100416,9,3,14.7
1071,100416,14,3,12.57
1072,100416,11,1,19.03
1073,100417,18,1,15.16
1074,100418,13,1,17.64
1075,100418,16,2,9.12
1076,100418,5,2,9.49
1077,100419,15,1,16.58
1078,100419,20,2,9.25
1079,100420,5,1,19.41
1080,100420,16,1,18.93
1081,100421,2,3,13.33
1082,100421,8,2,14.14
1083,100421,17,3,19.77
1084,100421,18,1,19.44
1085,100422,3,3,11.75
1086,100423,20,2,12.44
1087,100423,8,2,9.39
1088,100423,2,3,14.4
1089,100423,13,2,8.64
1090,100424,9,2,12.33
1091,100425,4,1,14.11
1092,100425,18,3,17.16
1093,100425,12,3,10.63
1094,100426,4,2,18.48
1095,100426,3,1,15.37
1096,100426,18,1,19.66
1097,100427,14,2,13.18
1098,100428,5,2,9.1
1099,100428,12,3,16.02
1100,100429,18,1,11.28
1101,100429,10,1,14.14
1102,100430,15,1,9.57
1103,100430,6,2,18.84
1104,100430,19,2,17.04
1105,100430,3,3,11.79
1106,100431,16,2,15.13
1107,100431,7,1,14.13
1108,100431,2,1,19.63
1109,100431,3,2,9.65
1110,100432,7,2,14.42
1111,100432,20,2,18.15
1112,100432,11,2,16.38
1113,100433,12,3,9.21
1114,100433,5,1,12.55
1115,100433,7,3,17.43
1116,100433,11,3,19.31
1117,100434,9,1,9.22
1118,100435,20,3,12.52
1119,100436,17,3,12.65
1120,100437,7,3,16.73
1121,100437,2,2,11.83
1122,100437,19,1,15.07
1123,100438,9,2,13.04
1124,100438,13,2,17.13
1125,100438,12,2,16.26
1126,100438,18,1,12.31
1127,100439,7,3,9.06
1128,100439,16,1,19.23
1129,100440,1,1,12.36
1130,100441,13,3,12.79
1131,100441,11,2,16.83
1132,100442,3,2,12.27
1133,100443,2,3,12.94
1134,100444,4,2,9.9
1135,100445,15,2,16.49
1136,100446,2,1,19.45
1137,100446,6,1,19.28
1138,100446,18,2,12.68
1139,100447,15,2,8.26
1140,100448,16,3,9.45
1141,100448,11,1,9.27
1142,100448,11,2,18.93
1143,100449,17,3,12.69
1144,100449,15,1,18.86
1145,100449,12,1,15.54
1146,100449,10,2,17.01
1147,100450,5,1,11.78
1148,100451,13,3,17.75
1149,100451,7,3,16.94
1150,100452,12,3,14.14
1151,100453,12,2,12.79
1152,100453,1,2,15.84
1153,100453,19,1,10.72
1154,100454,18,1,12.01
1155,100454,5,1,10.38
1156,100455,20,2,9.26
1157,100455,7,1,8.85
1158,100455,15,3,14.02
1159,100456,2,2,12.47
1160,100456,5,2,15.68
1161,100456,16,2,17.66
1162,100456,3,3,10.37
1163,100457,8,1,13.57
1164,100457,1,1,11.81
1165,100457,20,2,19.72
1166,100457,2,1,18.63
1167,100458,1,3,13.13
1168,100458,4,3,19.01
1169,100458,15,2,19.77
1170,100459,5,3,18.98
1171,100459,20,1,19.0
1172,100459,13,3,12.25
1173,100460,17,3,14.26
1174,100460,20,2,10.68
1175,100460,7,3,17.67
1176,100460,10,1,17.86
1177,100461,19,2,14.33
1178,100461,7,3,13.13
1179,100461,9,3,12.51
1180,100461,5,2,13.93
1181,100462,11,1,14.48
1182,100462,7,1,8.05
1183,100463,2,2,18.34
1184,100464,3,1,13.97
1185,100464,12,3,19.74
1186,100464,3,2,10.12
1187,100465,1,3,12.38
1188,100466,3,2,11.89
1189,100467,10,3,8.64
1190,100467,15,3,19.64
1191,100467,14,2,12.71
1192,100467,8,2,10.22
1193,100468,19,1,14.36
1194,100468,18,1,12.18
1195,100468,7,2,12.03
1196,100469,9,3,8.29
1197,100470,6,1,13.77
1198,100471,5,1,13.64
1199,100471,7,1,8.29
1200,100471,9,3,19.82
1201,100471,20,3,16.06
1202,100472,13,3,9.45
1203,100473,12,2,18.81
1204,100473,2,3,14.83
1205,100473,8,3,8.9
1206,100473,2,1,8.65
1207,100474,19,3,19.78
1208,100474,19,3,13.44
1209,100474,17,2,19.9
1210,100474,7,3,9.68
1211,100475,13,1,17.8
1212,100475,18,3,9.06
1213,100475,5,2,10.27
1214,100475,12,3,8.97
1215,100476,6,1,10.8
1216,100477,8,2,12.65
1217,100477,10,2,11.43
1218,100478,5,2,10.7
1219,100478,15,2,16.45
1220,100478,18,3,12.56
1221,100479,18,2,12.69
1222,100480,20,3,19.38
1223,100480,19,3,19.58
1224,100480,13,3,18.44
1225,100481,9,3,9.16
1226,100481,17,1,13.2
1227,100482,17,3,15.91
1228,100483,15,3,13.01
1229,100483,9,2,13.99
1230,100483,15,3,9.11
1231,100483,15,3,17.85
1232,100484,2,2,14.0
1233,100484,14,3,18.89
1234,100485,4,3,18.45
1235,100485,18,3,13.14
1236,100486,13,2,14.01
1237,100486,2,2,14.45
1238,100486,20,3,14.08
1239,100486,2,3,15.03
1240,100487,18,3,10.04
1241,100487,5,1,18.39
1242,100487,12,1,17.38
1243,100488,16,1,17.25
1244,100488,1,3,13.61
1245,100488,3,1,10.47
1246,100488,9,1,18.51
1247,100489,16,1,17.33
1248,100489,3,2,19.78
1249,100490,17,3,10.98
1250,100490,13,1,16.57
1251,100490,3,3,12.37
1252,100491,10,1,9.42
1253,100491,13,3,14.02
1254,100491,6,3,14.54
1255,100492,20,1,8.03
1256,100492,4,1,12.48
1257,100492,11,1,12.52
1258,100493,10,3,8.47
1259,100494,14,3,8.71
1260,100494,12,2,17.57
1261,100495,16,2,16.85
1262,100495,12,2,17.29
1263,100495,16,3,9.47
1264,100496,5,2,12.05
1265,100496,15,2,18.44
1266,100496,9,2,18.12
1267,100497,10,2,14.82
1268,100497,9,2,8.94
1269,100497,3,1,14.11
1270,100498,3,3,8.79
1271,100498,13,3,11.64
1272,100498,20,1,9.01
1273,100498,3,1,13.35
1274,100499,10,2,19.34
1275,100499,20,2,15.98
1276,100499,5,1,18.39
1277,100500,10,3,13.75
1278,100500,15,1,15.29
1279,100501,8,3,14.42
1280,100501,2,3,11.85
1281,100501,13,2,18.0
1282,100501,1,1,13.24
1283,100502,13,2,11.69
1284,100503,15,2,10.23
1285,100503,20,2,9.14
1286,100504,8,2,8.52
1287,100504,16,2,14.05
1288,100504,10,1,13.24
1289,100505,20,3,11.9
1290,100506,4,1,14.22
1291,100507,3,3,16.02
1292,100507,6,2,13.22
1293,100507,13,3,13.7
1294,100507,13,2,11.11
1295,100508,16,1,19.79
1296,100508,3,1,14.41
1297,100508,9,1,10.02
1298,100509,2,2,10.38
1299,100509,5,2,8.21
1300,100510,1,3,19.68
1301,100510,3,2,16.1
1302,100510,20,1,9.27
1303,100511,20,2,19.55
1304,100512,10,2,8.25
1305,100512,9,2,8.44
1306,100513,4,1,8.47
1307,100513,19,1,19.21
1308,100514,15,2,11.0
1309,100514,13,1,12.21
1310,100514,13,2,9.34
1311,100514,1,2,8.94
1312,100515,6,1,18.43
1313,100515,2,3,8.29
1314,100516,17,2,16.47
1315,100516,20,3,16.14
1316,100516,3,1,17.97
1317,100516,4,3,8.02
1318,100517,8,2,13.9
1319,100517,17,3,16.8
1320,100517,16,1,8.47
1321,100518,2,2,11.46
1322,100518,20,2,17.17
1323,100518,7,2,12.88
1324,100518,1,3,9.17
1325,100519,15,3,18.39
1326,100519,6,2,15.86
1327,100519,8,2,12.89
1328,100519,10,3,12.43
1329,100520,9,3,16.06
1330,100520,7,3,11.83
1331,100520,19,3,19.18
1332,100521,9,2,12.15
1333,100521,2,1,10.95
1334,100522,9,1,11.95
1335,100523,9,3,12.38
1336,100523,3,1,16.84
1337,100523,16,1,19.25
1338,100523,2,1,15.51
1339,100524,10,3,19.15
1340,100524,18,2,9.76
1341,100524,19,2,15.24
1342,100525,4,3,9.64
1343,100525,3,3,11.19
1344,100525,10,3,15.63
1345,100526,6,2,14.47
1346,100526,12,3,14.97
1347,100527,5,2,18.52
1348,100528,9,1,11.16
1349,100528,11,1,12.1
1350,100528,2,2,15.81
1351,100529,5,3,18.62
1352,100529,4,2,9.3
1353,100530,8,3,16.28
1354,100531,7,2,8.92
1355,100531,7,1,14.9
1356,100532,11,2,18.75
1357,100533,15,3,19.78
1358,100533,7,3,8.96
1359,100534,18,3,15.71
1360,100534,4,2,16.6
1361,100535,12,2,16.0
1362,100535,4,3,8.79
1363,100535,5,1,14.06
1364,100535,7,3,16.23
1365,100536,1,3,17.77
1366,100536,18,3,16.7
1367,100537,19,1,19.27
1368,100537,13,2,17.25
1369,100537,1,1,8.42
1370,100538,2,1,13.73
1371,100538,9,2,15.63
1372,100538,14,2,19.12
1373,100538,20,1,12.25
1374,100539,10,3,14.3
1375,100540,6,1,10.62
1376,100540,1,2,12.62
1377,100541,16,1,12.06
1378,100541,12,2,17.33
1379,100542,3,3,18.63
1380,100542,18,1,12.77
1381,100543,8,3,13.03
1382,100543,5,1,18.1
1383,100543,18,2,17.39
1384,100543,19,2,12.36
1385,100544,7,2,8.62
1386,100544,20,1,14.27
1387,100544,19,1,13.02
1388,100545,20,2,10.61
1389,100545,2,2,19.25
1390,100546,14,1,11.23
1391,100546,19,3,10.64
1392,100547,3,1,17.64
1393,100547,18,2,13.76
1394,100548,4,2,18.87
1395,100548,14,1,13.95
1396,100549,10,3,18.84
1397,100549,8,1,12.79
1398,100549,6,2,10.52
1399,100549,14,3,14.4
1400,100550,7,1,17.6
1401,100550,14,3,14.37
1402,100550,7,1,18.72
1403,100550,19,3,10.55
1404,100551,16,1,17.47
1405,100551,4,2,17.63
1406,100551,18,3,9.41
1407,100552,3,1,19.53
1408,100552,6,1,12.97
1409,100552,13,3,9.35
1410,100553,9,2,16.41
1411,100554,10,3,10.63
1412,100554,14,2,9.56
1413,100554,18,2,14.21
1414,100555,6,1,19.68
1415,100555,16,2,11.73
1416,100555,8,2,18.02
1417,100555,10,2,19.15
1418,100556,17,2,17.71
1419,100556,1,1,9.0
1420,100557,5,1,11.18
1421,100557,17,3,16.71
1422,100557,1,3,13.86
1423,100557,19,1,18.32
1424,100558,5,2,11.81
1425,100558,1,1,8.53
1426,100558,4,1,11.33
1427,100559,4,2,16.4
1428,100559,19,3,15.46
1429,100559,15,1,14.09
1430,100560,20,2,9.56
1431,100561,6,2,13.41
1432,100561,13,2,12.29
1433,100561,4,1,11.16
1434,100561,14,2,9.36
1435,100562,7,2,18.04
1436,100562,7,2,12.94
1437,100563,9,2,19.48
1438,100564,9,2,15.02
1439,100564,9,3,18.42
1440,100564,5,1,15.78
1441,100565,16,1,11.29
1442,100566,10,2,16.11
1443,100566,15,1,8.61
1444,100566,16,2,17.37
1445,100567,4,2,9.64
1446,100567,13,3,18.45
1447,100567,9,2,13.84
1448,100567,14,3,9.15
1449,100568,16,3,8.62
1450,100568,7,3,9.09
1451,100568,12,3,17.19
1452,100569,12,1,16.41
1453,100570,2,3,19.16
1454,100571,1,2,10.8
1455,100571,20,2,14.56
1456,100572,2,1,17.25
1457,100572,20,3,12.22
1458,100572,15,2,18.51
1459,100573,17,1,15.79
1460,100573,15,3,16.11
1461,100574,19,1,17.24
1462,100574,10,3,15.7
1463,100574,18,2,16.2
1464,100575,14,1,16.44
1465,100575,11,1,17.12
1466,100575,5,2,17.98
1467,100575,18,2,10.68
1468,100576,2,3,16.76
1469,100576,14,2,12.53
1470,100576,13,2,19.7
1471,100577,11,2,12.16
1472,100577,15,3,19.74
1473,100577,17,3,8.28
1474,100578,14,2,8.11
1475,100579,5,1,8.22
1476,100579,1,1,10.31
1477,100580,18,3,17.55
1478,100581,8,1,19.09
1479,100581,19,2,10.73
1480,100582,18,1,9.38
1481,100582,9,3,9.72
1482,100583,17,1,14.34
1483,100583,17,3,17.76
1484,100584,14,1,15.04
1485,100584,6,1,15.64
1486,100584,12,3,18.71
1487,100584,1,1,11.61
1488,100585,19,2,17.76
1489,100586,18,1,10.44
1490,100586,18,3,15.79
1491,100587,11,2,11.48
1492,100587,19,1,9.57
1493,100587,14,2,17.42
1494,100588,4,1,17.69
1495,100588,16,3,12.93
1496,100589,18,3,18.58
1497,100589,6,2,16.02
1498,100589,12,1,8.31
1499,100589,7,2,13.97
1500,100590,1,1,8.68
1501,100590,2,2,15.06
1502,100590,9,2,14.85
1503,100590,1,2,9.86
1504,100591,9,1,8.54
1505,100591,8,3,15.94
1506,100591,20,3,16.16
1507,100591,17,1,12.86
1508,100592,5,1,18.77
1509,100592,19,3,8.76
1510,100593,20,3,10.31
1511,100593,15,3,18.86
1512,100594,18,2,13.6
1513,100595,1,3,12.88
1514,100595,15,3,15.25
1515,100595,18,2,12.22
1516,100596,14,3,9.76
1517,100596,9,2,11.42
1518,100597,7,3,15.18
1519,100597,1,2,19.65
1520,100597,4,1,17.13
1521,100597,12,2,13.22
1522,100598,4,2,19.19
1523,100598,1,3,10.64
1524,100598,16,1,17.08
1525,100599,1,2,10.1
1526,100600,7,1,10.09
1527,100601,15,1,11.8
1528,100601,5,2,19.71
1529,100601,20,2,8.6
1530,100601,15,2,15.05
1531,100602,17,1,8.41
1532,100603,12,1,8.93
1533,100603,4,2,19.26
1534,100603,19,3,14.58
1535,100603,3,1,9.73
1536,100604,11,3,12.96
1537,100604,14,1,15.55
1538,100605,2,2,17.09
1539,100605,5,3,13.54
1540,100605,7,1,19.6
1541,100606,7,2,11.26
1542,100606,8,3,11.26
1543,100606,16,2,10.98
1544,100607,4,1,9.1
1545,100607,2,3,11.66
1546,100607,20,3,15.22
1547,100608,2,2,16.79
1548,100608,12,2,19.45
1549,100608,15,3,12.31
1550,100608,4,1,16.09
1551,100609,19,3,16.05
1552,100609,7,1,18.4
1553,100609,8,2,16.1
1554,100609,5,2,8.12
1555,100610,12,3,10.9
1556,100610,1,1,14.98
1557,100610,19,2,10.54
1558,100610,9,3,16.9
1559,100611,16,3,19.65
1560,100611,12,1,12.02
1561,100612,7,2,9.0
1562,100612,14,3,16.71
1563,100613,1,1,15.35
1564,100613,10,3,9.84
1565,100613,17,2,8.68
1566,100614,17,2,19.87
1567,100614,13,1,19.07
1568,100614,19,1,14.93
1569,100615,10,3,12.88
1570,100616,7,1,19.61
1571,100617,13,3,16.75
1572,100617,10,2,9.74
1573,100617,11,2,8.49
1574,100618,2,1,17.76
1575,100618,11,1,8.75
1576,100619,3,1,15.28
1577,100619,6,1,10.59
1578,100619,18,1,19.46
1579,100619,8,1,11.54
1580,100620,20,1,10.63
1581,100620,8,3,17.18
1582,100620,1,2,17.37
1583,100620,13,3,11.27
1584,100621,14,3,16.06
1585,100621,13,3,14.01
1586,100621,4,1,15.26
1587,100621,5,1,16.51
1588,100622,7,2,16.55
1589,100623,14,3,11.79
1590,100623,10,1,15.5
1591,100623,2,1,10.97
1592,100624,1,3,18.4
1593,100624,11,1,18.79
1594,100625,12,3,13.53
1595,100625,3,1,11.99
1596,100625,4,1,15.22
1597,100626,9,2,13.26
1598,100627,2,3,10.22
1599,100628,5,2,11.71
1600,100629,2,2,16.54
1601,100629,1,3,15.56
1602,100629,4,2,8.09
1603,100630,5,1,12.26
1604,100631,3,1,17.58
1605,100632,3,3,14.52
1606,100632,5,3,12.44
1607,100632,5,1,19.65
1608,100633,18,1,9.2
1609,100633,3,2,17.9
1610,100634,1,1,8.08
1611,100634,10,3,9.83
1612,100634,14,1,15.46
1613,100635,5,1,14.26
1614,100635,9,3,8.08
1615,100635,6,2,14.38
1616,100636,17,1,18.32
1617,100636,16,3,9.0
1618,100636,17,3,19.06
1619,100636,11,2,15.5
1620,100637,10,1,19.72
1621,100637,17,3,11.1
1622,100637,2,1,8.14
1623,100637,2,2,16.53
1624,100638,5,2,10.88
1625,100639,13,3,15.58
1626,100639,20,2,19.9
1627,100639,8,2,11.51
1628,100639,8,2,11.32
1629,100640,14,3,17.88
1630,100640,16,1,13.62
1631,100641,18,3,11.03
1632,100641,5,1,9.99
1633,100641,17,1,10.84
1634,100641,10,1,16.08
1635,100642,19,1,12.66
1636,100642,19,1,14.33
1637,100642,12,2,16.2
1638,100643,7,3,17.41
1639,100643,6,3,13.6
1640,100643,16,2,16.37
1641,100644,11,2,13.18
1642,100644,13,2,14.49
1643,100645,1,3,9.84
1644,100645,15,2,16.92
1645,100645,6,1,17.44
1646,100645,3,1,17.93
1647,100646,16,2,8.89
1648,100646,13,2,17.93
1649,100646,15,1,10.66
1650,100646,20,1,9.14
1651,100647,18,2,19.03
1652,100647,10,3,14.75
1653,100648,14,1,16.31
1654,100648,20,3,11.14
1655,100649,19,2,15.06
1656,100649,10,1,10.67
1657,100649,9,2,12.18
1658,100649,12,3,12.82
1659,100650,2,2,14.95
1660,100650,8,1,14.93
1661,100651,13,2,13.95
1662,100652,7,1,9.9
1663,100652,11,3,19.46
1664,100652,9,3,18.55
1665,100653,17,1,16.01
1666,100653,19,2,14.92
1667,100653,12,2,15.01
1668,100653,19,3,15.63
1669,100654,3,1,19.4
1670,100654,6,1,14.63
1671,100655,15,3,18.03
1672,100655,11,2,19.25
1673,100655,8,1,12.68
1674,100656,4,2,13.4
1675,100656,1,3,19.67
1676,100657,5,2,10.71
1677,100657,7,2,19.71
1678,100658,5,3,12.05
1679,100658,12,2,12.41
1680,100658,7,3,12.35
1681,100658,7,3,19.05
1682,100659,14,2,9.67
1683,100659,8,2,8.44
1684,100659,1,3,15.2
1685,100660,20,1,8.51
1686,100660,13,1,10.43
1687,100660,5,1,19.8
1688,100660,7,2,18.62
1689,100661,12,2,13.68
1690,100661,10,2,15.92
1691,100661,19,1,10.46
1692,100661,1,2,18.05
1693,100662,6,1,13.82
1694,100662,13,1,16.79
1695,100662,5,3,8.31
1696,100662,13,1,17.12
1697,100663,9,2,10.89
1698,100663,13,1,10.83
1699,100663,5,2,16.39
1700,100664,3,1,16.16
1701,100665,8,2,14.33
1702,100665,19,2,10.8
1703,100666,16,3,8.51
1704,100667,10,1,12.95
1705,100668,11,3,12.01
1706,100668,18,2,12.17
1707,100668,5,3,11.82
1708,100668,2,1,10.71
1709,100669,8,2,19.6
1710,100669,13,3,18.66
1711,100670,3,3,18.73
1712,100670,6,3,16.15
1713,100671,20,3,13.87
1714,100671,10,3,9.54
1715,100671,11,1,9.77
1716,100671,3,3,10.37
1717,100672,18,1,16.55
1718,100672,20,1,18.27
1719,100672,13,3,13.97
1720,100673,16,1,10.47
1721,100674,3,1,15.03
1722,100674,16,1,13.87
1723,100674,1,2,11.73
1724,100674,13,2,8.73
1725,100675,6,2,12.87
1726,100676,8,1,18.68
1727,100677,4,2,10.53
1728,100678,6,2,9.79
1729,100679,16,3,12.23
1730,100679,5,3,11.14
1731,100680,11,3,9.93
1732,100680,20,2,9.78
1733,100681,19,1,11.54
1734,100682,6,2,11.69
1735,100682,4,2,12.89
1736,100683,18,1,17.99
1737,100683,19,2,17.29
1738,100684,2,2,18.81
1739,100684,3,3,17.1
1740,100685,9,1,15.87
1741,100686,1,1,19.65
1742,100686,10,2,9.21
1743,100686,9,1,9.56
1744,100686,4,1,11.75
1745,100687,11,3,13.99
1746,100687,9,1,14.32
1747,100688,4,3,14.35
1748,100688,19,1,12.15
1749,100688,8,2,19.89
1750,100688,14,1,16.68
1751,100689,19,2,19.76
1752,100689,1,2,17.25
1753,100690,20,2,8.88
1754,100690,14,3,16.72
1755,100690,9,1,17.86
1756,100691,19,2,14.73
1757,100691,12,2,13.49
1758,100691,10,2,8.98
1759,100691,2,3,17.95
1760,100692,8,2,9.57
1761,100692,13,1,8.01
1762,100693,10,1,9.08
1763,100693,12,2,13.47
1764,100693,16,3,13.74
1765,100694,19,2,19.42
1766,100694,4,1,19.36
1767,100695,20,1,10.29
1768,100695,18,1,14.63
1769,100696,14,3,12.96
1770,100696,10,2,12.38
1771,100696,4,1,13.57
1772,100697,5,2,16.03
1773,100697,10,3,17.77
1774,100697,15,2,15.74
1775,100698,14,2,11.48
1776,100698,6,1,14.0
1777,100698,8,3,15.67
1778,100699,1,3,15.47
1779,100699,7,2,19.48
1780,100699,1,1,8.51
1781,100699,10,1,17.14
1782,100700,19,3,16.06
1783,100700,6,3,17.55
1784,100700,6,3,12.05
1785,100700,11,2,14.63
1786,100701,6,2,9.64
1787,100701,4,3,19.92
1788,100701,9,1,14.4
1789,100701,10,3,18.4
1790,100702,2,3,13.98
1791,100702,15,2,18.11
1792,100703,19,3,9.46
1793,100703,11,1,19.16
1794,100703,4,2,17.98
1795,100703,16,1,9.38
1796,100704,2,1,8.68
1797,100705,4,3,10.08
1798,100706,1,2,11.03
1799,100707,1,2,13.83
1800,100707,19,1,8.65
1801,100707,11,1,9.91
1802,100708,3,3,8.69
1803,100708,19,1,15.41
1804,100708,2,2,18.29
1805,100709,7,1,15.47
1806,100709,20,3,8.79
1807,100709,15,1,16.15
1808,100709,13,1,10.77
1809,100710,9,3,15.16
1810,100710,17,2,11.64
1811,100711,6,1,15.93
1812,100711,3,3,15.55
1813,100711,13,2,14.22
1814,100711,16,1,8.08
1815,100712,18,1,9.0
1816,100712,16,1,19.72
1817,100712,8,1,8.45
1818,100712,8,2,9.03
1819,100713,6,2,18.62
1820,100714,6,2,19.78
1821,100714,10,1,19.57
1822,100714,4,2,17.82
1823,100715,8,1,19.03
1824,100715,6,2,16.04
1825,100715,3,1,13.15
1826,100716,14,1,13.73
1827,100717,15,3,18.59
1828,100717,9,2,9.83
1829,100718,5,3,12.27
1830,100719,11,2,12.96
1831,100719,18,1,14.19
1832,100720,9,2,11.68
1833,100720,9,2,9.41
1834,100721,2,3,19.32
1835,100721,20,3,10.18
1836,100721,17,3,12.46
1837,100722,6,1,17.45
1838,100722,3,2,19.17
1839,100722,10,2,16.16
1840,100723,6,1,12.97
1841,100723,17,3,18.61
1842,100724,5,3,19.93
1843,100725,13,2,8.99
1844,100725,20,3,8.61
1845,100725,20,2,8.25
1846,100726,12,3,12.21
1847,100726,5,3,16.92
1848,100726,13,3,16.55
1849,100726,17,3,8.39
1850,100727,4,1,15.7
1851,100727,4,1,19.23
1852,100728,3,3,14.64
1853,100728,17,2,13.71
1854,100728,8,2,9.7
1855,100729,3,2,10.1
1856,100730,9,3,12.09
1857,100730,20,3,17.43
1858,100730,4,1,16.65
1859,100731,19,1,12.57
1860,100732,18,3,10.16
1861,100733,10,1,8.74
1862,100733,13,1,12.55
1863,100733,14,2,19.98
1864,100733,1,1,14.73
1865,100734,17,1,15.97
1866,100734,17,3,10.28
1867,100735,5,1,19.49
1868,100735,10,1,12.04
1869,100735,15,3,11.25
1870,100735,14,3,15.02
1871,100736,10,3,19.46
1872,100736,8,3,19.33
1873,100736,2,1,18.67
1874,100737,10,2,8.58
1875,100737,18,1,10.08
1876,100737,14,1,13.05
1877,100738,17,1,18.31
1878,100738,7,3,18.61
1879,100739,8,3,18.38
1880,100740,14,3,8.74
1881,100740,14,1,13.64
1882,100741,1,3,17.81
1883,100742,7,3,9.2
1884,100742,15,3,11.53
1885,100743,10,3,10.89
1886,100743,4,1,16.92
1887,100743,10,1,14.2
1888,100743,14,1,11.4
1889,100744,5,3,14.96
1890,100744,11,1,9.56
1891,100744,20,2,16.22
1892,100744,5,2,10.16
1893,100745,5,3,11.21
1894,100745,19,3,8.68
1895,100745,7,3,18.48
1896,100745,7,3,8.89
1897,100746,6,3,19.52
1898,100746,18,1,14.65
1899,100746,18,3,8.59
1900,100747,5,2,17.51
1901,100747,8,1,13.21
1902,100747,20,2,8.06
1903,100748,16,3,14.61
1904,100748,10,3,17.1
1905,100749,7,1,9.96
1906,100749,9,2,19.97
1907,100749,10,2,10.19
1908,100749,11,2,17.09
1909,100750,10,3,11.16
1910,100750,6,1,14.62
1911,100750,5,3,13.14
1912,100751,18,1,14.93
1913,100752,4,3,17.51
1914,100753,12,3,8.7
1915,100753,19,2,18.15
1916,100753,6,3,11.3
1917,100753,17,3,17.8
1918,100754,7,1,19.14
1919,100755,12,3,19.43
1920,100756,19,2,11.45
1921,100757,5,1,17.26
1922,100757,12,1,10.85
1923,100758,14,1,10.36
1924,100758,4,1,12.83
1925,100759,3,2,14.86
1926,100760,7,3,11.15
1927,100760,1,2,16.74
1928,100760,6,1,9.36
1929,100760,17,1,13.82
1930,100761,20,1,18.06
1931,100761,14,3,14.99
1932,100761,4,2,18.29
1933,100762,20,3,14.22
1934,100762,7,2,11.63
1935,100762,18,2,15.01
1936,100763,9,2,19.93
1937,100763,20,3,9.67
1938,100763,8,1,18.46
1939,100763,11,2,12.01
1940,100764,5,2,8.17
1941,100764,1,3,19.08
1942,100764,4,1,14.71
1943,100765,19,3,10.33
1944,100765,7,2,16.26
1945,100765,1,1,9.4
1946,100766,7,3,11.8
1947,100766,10,1,16.37
1948,100766,12,1,13.9
1949,100766,16,3,17.57
1950,100767,18,2,18.71
1951,100767,16,3,10.96
1952,100767,9,3,16.12
1953,100768,10,1,10.72
1954,100769,13,2,10.91
1955,100769,19,1,17.75
1956,100769,19,3,8.05
1957,100769,5,1,11.51
1958,100770,5,2,15.83
1959,100770,2,2,14.91
1960,100770,13,2,19.27
1961,100771,16,3,12.19
1962,100772,6,1,17.38
1963,100773,18,1,16.45
1964,100773,17,2,13.89
1965,100773,8,3,18.15
1966,100773,2,3,16.78
1967,100774,6,3,10.66
1968,100774,4,1,8.51
1969,100774,17,1,10.89
1970,100775,3,1,10.1
1971,100775,1,2,19.14
1972,100775,15,3,16.48
1973,100775,20,3,11.43
1974,100776,13,1,17.23
1975,100776,6,2,11.6
1976,100777,13,1,16.8
1977,100777,11,2,14.8
1978,100777,7,2,17.38
1979,100778,7,2,9.47
1980,100778,10,3,15.01
1981,100779,7,1,17.96
1982,100780,10,2,13.14
1983,100780,8,3,19.74
1984,100780,11,1,8.46
1985,100781,3,2,11.3
1986,100781,5,2,18.87
1987,100781,10,2,11.99
1988,100782,16,1,10.75
1989,100783,2,2,16.19
1990,100784,13,2,11.88
1991,100784,10,1,16.83
1992,100784,7,2,12.82
1993,100784,11,3,18.41
1994,100785,13,2,17.0
1995,100785,4,2,14.02
1996,100785,12,1,12.58
1997,100786,6,3,15.05
1998,100786,15,1,9.61
1999,100787,2,3,12.64
2000,100788,20,2,18.84
2001,100788,16,3,16.8
2002,100788,13,2,19.75
2003,100788,17,1,17.14
2004,100789,10,3,13.66
2005,100789,7,2,18.57
2006,100789,19,1,9.38
2007,100789,9,1,12.03
2008,100790,12,2,16.65
2009,100790,4,1,8.3
2010,100790,14,2,9.92
2011,100791,11,3,11.42
2012,100791,16,3,14.19
2013,100791,11,2,8.68
2014,100791,20,3,18.79
2015,100792,15,3,18.0
2016,100792,16,1,11.13
2017,100792,17,2,18.63
2018,100792,14,1,14.17
2019,100793,5,3,10.14
2020,100793,20,2,10.37
2021,100793,15,1,17.66
2022,100794,4,3,11.88
2023,100795,5,1,11.63
2024,100795,3,3,14.16
2025,100795,5,1,8.89
2026,100796,3,1,8.08
2027,100796,6,3,14.42
2028,100797,18,1,14.32
2029,100797,11,2,18.1
2030,100797,16,3,15.02
2031,100797,1,1,13.23
2032,100798,2,1,10.54
2033,100799,19,2,15.85
2034,100800,5,2,9.83
2035,100800,12,3,13.15
2036,100801,4,1,8.87
2037,100801,9,1,10.7
2038,100802,1,1,17.12
2039,100802,8,1,13.66
2040,100803,20,3,9.24
2041,100803,2,3,8.33
2042,100803,7,2,15.33
2043,100804,17,3,13.81
2044,100804,18,1,8.81
2045,100804,15,2,9.79
2046,100804,8,3,17.55
2047,100805,13,2,12.27
2048,100805,19,1,10.9
2049,100805,19,2,15.93
2050,100805,10,1,11.44
2051,100806,11,1,9.53
2052,100806,19,1,13.43
2053,100806,15,1,11.11
2054,100807,12,2,14.25
2055,100807,20,1,15.11
2056,100808,4,2,14.88
2057,100808,1,1,8.07
2058,100808,4,2,12.47
2059,100809,4,3,17.12
2060,100809,4,2,18.88
2061,100809,8,3,14.21
2062,100810,17,3,12.9
2063,100810,14,2,17.54
2064,100811,12,1,14.28
2065,100811,14,3,8.6
2066,100812,18,1,17.28
2067,100812,7,3,14.67
2068,100813,6,3,10.36
2069,100813,14,3,17.3
2070,100814,4,3,16.41
2071,100814,12,3,10.3
2072,100814,2,3,16.59
2073,100815,11,1,15.44
2074,100815,2,2,18.47
2075,100815,4,1,11.15
2076,100815,13,2,19.4
2077,100816,13,3,16.1
2078,100816,11,1,9.85
2079,100816,13,3,9.35
2080,100817,2,2,14.34
2081,100817,10,3,17.54
2082,100817,5,1,10.44
2083,100818,10,2,19.46
2084,100819,11,1,18.31
2085,100819,1,3,15.01
2086,100820,10,2,15.52
2087,100820,15,3,12.83
2088,100821,2,3,9.23
2089,100821,15,1,19.44
2090,100821,3,3,9.53
2091,100821,14,1,17.28
2092,100822,3,2,18.13
2093,100823,20,3,8.41
2094,100824,1,2,14.52
2095,100825,3,1,11.36
2096,100825,1,1,19.58
2097,100825,17,1,8.42
2098,100826,17,2,8.42
2099,100826,17,2,14.83
2100,100827,8,1,10.42
2101,100827,20,1,15.71
2102,100827,19,1,15.44
2103,100827,3,1,18.74
2104,100828,18,2,14.01
2105,100828,1,1,18.63
2106,100828,10,3,14.38
2107,100829,18,3,15.44
2108,100830,10,1,16.03
2109,100830,8,2,16.92
2110,100830,17,1,17.22
2111,100831,7,2,9.23
2112,100831,14,1,14.95
2113,100831,6,2,14.4
2114,100832,14,1,16.61
2115,100832,15,2,9.67
2116,100832,17,1,12.56
2117,100833,7,3,9.74
2118,100834,16,2,18.03
2119,100835,18,3,17.85
2120,100835,6,2,17.37
2121,100835,1,1,14.12
2122,100836,6,2,10.03
2123,100836,7,2,19.07
2124,100837,8,2,13.64
2125,100838,8,2,13.71
2126,100838,12,1,13.74
2127,100839,2,1,8.21
2128,100840,11,2,13.56
2129,100841,10,3,12.03
2130,100841,1,1,9.67
2131,100841,4,1,14.54
2132,100841,13,3,12.26
2133,100842,20,2,11.79
2134,100842,16,2,11.93
2135,100842,3,1,8.59
2136,100842,18,2,16.27
2137,100843,13,2,9.58
2138,100844,11,2,18.3
2139,100845,10,1,13.33
2140,100846,12,1,8.61
2141,100846,16,2,8.6
2142,100846,12,1,16.03
2143,100846,10,2,12.69
2144,100847,19,2,14.79
2145,100848,4,2,16.77
2146,100848,18,3,14.01
2147,100849,9,3,12.58
2148,100849,18,2,16.36
2149,100849,15,1,18.25
2150,100850,8,3,11.28
2151,100851,11,3,15.27
2152,100852,12,1,9.64
2153,100852,8,2,19.49
2154,100852,2,1,19.66
2155,100852,16,1,17.08
2156,100853,6,1,8.17
2157,100854,13,2,12.74
2158,100854,14,1,12.09
2159,100854,1,3,13.39
2160,100855,15,1,10.87
2161,100856,12,2,19.31
2162,100856,17,2,19.3
2163,100857,10,3,18.5
2164,100857,9,3,8.75
2165,100858,12,3,15.43
2166,100859,19,2,19.69
2167,100859,5,3,18.5
2168,100860,9,2,14.44
2169,100861,10,1,13.56
2170,100861,18,3,10.99
2171,100861,4,2,11.66
2172,100862,3,1,18.45
2173,100862,14,2,10.88
2174,100863,19,1,11.73
2175,100864,20,1,17.86
2176,100864,9,3,12.65
2177,100864,4,2,10.29
2178,100864,12,1,15.57
2179,100865,20,1,18.39
2180,100866,10,1,19.38
2181,100866,4,1,15.06
2182,100867,5,2,16.45
2183,100867,6,3,18.45
2184,100868,14,2,8.59
2185,100868,7,1,17.09
2186,100869,19,1,19.06
2187,100869,8,2,10.71
2188,100870,12,2,13.1
2189,100870,6,3,18.19
2190,100870,5,2,17.32
2191,100871,17,3,10.67
2192,100871,15,3,15.9
2193,100872,14,2,19.94
2194,100872,8,2,17.57
2195,100873,10,2,9.52
2196,100874,19,2,11.03
2197,100875,19,1,10.4
2198,100875,1,1,18.43
2199,100876,6,3,19.51
2200,100877,9,2,12.78
2201,100877,20,2,19.97
2202,100877,1,2,11.14
2203,100878,5,3,16.45
2204,100878,7,1,9.94
2205,100878,19,2,14.02
2206,100879,15,3,16.2
2207,100879,20,2,15.5
2208,100879,17,2,15.58
2209,100880,5,3,15.97
2210,100880,18,1,18.98
2211,100880,19,1,8.23
2212,100880,7,1,16.36
2213,100881,2,2,15.4
2214,100881,4,1,19.0
2215,100882,7,3,19.38
2216,100883,19,2,18.98
2217,100883,5,1,13.32
2218,100884,13,1,11.29
2219,100885,7,1,11.15
2220,100885,2,2,8.13
2221,100885,4,3,12.4
2222,100886,19,3,10.02
2223,100887,20,1,12.29
2224,100887,4,3,12.46
2225,100887,9,2,11.29
2226,100887,7,2,13.66
2227,100888,18,1,15.35
2228,100888,17,3,8.76
2229,100889,17,1,10.12
2230,100889,15,2,19.2
2231,100889,9,1,8.87
2232,100890,1,2,18.75
2233,100891,3,2,12.17
2234,100892,16,3,10.35
2235,100892,7,2,10.37
2236,100892,15,3,12.08
2237,100892,13,3,12.3
2238,100893,1,2,12.35
2239,100894,10,3,15.28
2240,100894,6,2,12.44
2241,100894,3,2,9.01
2242,100895,2,3,9.67
2243,100895,12,3,17.9
2244,100896,3,2,18.01
2245,100896,7,2,11.98
2246,100896,8,2,14.86
2247,100896,3,3,13.32
2248,100897,8,1,18.17
2249,100898,2,3,13.45
2250,100898,9,2,12.29
2251,100898,14,3,18.13
2252,100899,2,2,15.23
2253,100899,11,3,14.18
2254,100899,5,2,15.39
2255,100900,18,2,12.75
2256,100900,6,1,14.86
2257,100900,15,1,9.11
2258,100900,18,3,19.84
2259,100901,8,1,15.0
2260,100901,13,2,9.68
2261,100901,11,3,11.45
2262,100901,16,3,18.49
2263,100902,3,3,11.63
2264,100903,16,3,17.44
2265,100904,16,2,12.81
2266,100904,3,3,14.85
2267,100904,2,3,8.77
2268,100904,3,1,12.38
2269,100905,9,2,14.54
2270,100905,5,3,19.36
2271,100905,13,3,18.58
2272,100905,8,3,11.58
2273,100906,16,3,16.96
2274,100907,7,2,8.65
2275,100908,10,3,13.89
2276,100908,5,3,17.56
2277,100908,12,2,11.42
2278,100909,15,3,16.41
2279,100910,8,3,15.61
2280,100910,16,3,10.38
2281,100910,9,1,16.56
2282,100911,12,1,18.39
2283,100911,2,2,14.2
2284,100911,10,1,17.16
2285,100912,2,3,15.4
2286,100912,1,1,11.93
2287,100913,7,3,10.15
2288,100913,8,2,15.95
2289,100913,16,1,11.32
2290,100913,17,2,15.88
2291,100914,6,2,16.08
2292,100915,18,2,19.88
2293,100915,20,1,13.82
2294,100915,10,3,15.06
2295,100916,8,3,16.63
2296,100916,15,3,13.56
2297,100916,10,1,19.1
2298,100917,6,1,12.33
2299,100917,6,1,14.58
2300,100917,5,1,13.98
2301,100917,17,1,16.49
2302,100918,15,3,16.99
2303,100918,7,3,10.52
2304,100918,11,1,15.94
2305,100919,13,2,9.93
2306,100919,6,2,10.2
2307,100919,7,3,9.13
2308,100920,6,2,13.58
2309,100920,5,1,15.93
2310,100920,4,3,8.05
2311,100920,19,1,19.18
2312,100921,14,3,8.59
2313,100921,5,3,19.22
2314,100921,5,2,11.91
2315,100922,14,2,11.65
2316,100922,3,1,13.52
2317,100923,12,2,14.5
2318,100924,6,3,10.65
2319,100924,6,1,14.26
2320,100924,19,3,17.02
2321,100925,8,2,12.21
2322,100926,2,3,17.08
2323,100926,10,3,9.31
2324,100926,2,1,16.89
2325,100927,4,2,8.17
2326,100927,12,3,8.4
2327,100928,16,3,12.2
2328,100929,4,2,17.09
2329,100929,15,1,15.53
2330,100930,9,3,19.39
2331,100930,13,3,12.07
2332,100930,8,1,18.64
2333,100931,7,2,14.18
2334,100932,20,3,18.91
2335,100932,4,2,8.31
2336,100932,15,2,16.03
2337,100933,12,1,16.86
2338,100933,16,2,14.95
2339,100934,13,2,14.46
2340,100934,6,2,17.78
2341,100935,10,1,14.2
2342,100935,20,2,14.32
2343,100935,5,1,12.01
2344,100935,10,2,11.48
2345,100936,9,3,8.34
2346,100936,10,1,10.38
2347,100936,3,2,17.68
2348,100936,1,2,12.41
2349,100937,9,2,15.61
2350,100937,14,3,17.56
2351,100937,8,3,18.37
2352,100938,20,2,8.66
2353,100938,10,1,10.5
2354,100939,12,3,17.24
2355,100939,11,2,17.23
2356,100940,20,2,14.85
2357,100940,8,2,13.64
2358,100940,17,3,17.51
2359,100940,13,2,8.72
2360,100941,20,3,15.49
2361,100941,20,3,14.92
2362,100942,3,1,14.5
2363,100942,11,3,11.18
2364,100943,13,1,13.25
2365,100943,16,3,11.82
2366,100943,15,1,9.14
2367,100943,12,3,14.42
2368,100944,1,3,8.63
2369,100945,1,1,12.95
2370,100946,12,2,18.41
2371,100946,4,2,16.78
2372,100947,10,3,9.32
2373,100947,8,2,12.56
2374,100947,18,2,11.97
2375,100947,7,3,13.16
2376,100948,16,1,11.62
2377,100948,17,3,11.41
2378,100948,15,1,13.46
2379,100948,19,1,9.73
2380,100949,3,3,15.86
2381,100950,1,3,16.73
2382,100950,7,3,12.56
2383,100950,5,1,13.84
2384,100950,19,3,9.39
2385,100951,10,2,14.86
2386,100951,1,2,10.94
2387,100951,17,1,16.85
2388,100951,13,1,12.61
2389,100952,6,2,18.12
2390,100952,12,3,18.88
2391,100952,9,1,15.92
2392,100953,13,1,13.22
2393,100953,3,3,9.82
2394,100954,14,1,9.51
2395,100954,14,3,18.39
2396,100954,14,1,13.77
2397,100955,4,3,12.81
2398,100955,4,1,14.01
2399,100955,12,3,16.19
2400,100955,7,3,17.03
2401,100956,9,2,10.56
2402,100957,12,1,18.27
2403,100957,9,2,8.72
2404,100958,15,1,14.61
2405,100959,3,3,19.18
2406,100959,6,2,19.25
2407,100960,17,3,17.93
2408,100960,2,3,8.24
2409,100960,11,3,17.62
2410,100960,20,3,12.81
2411,100961,17,1,14.55
2412,100962,20,1,12.9
2413,100962,9,3,18.29
2414,100962,2,2,10.33
2415,100963,13,2,18.21
2416,100963,4,2,15.01
2417,100963,5,3,16.28
2418,100963,6,3,9.44
2419,100964,16,1,15.94
2420,100965,14,3,16.71
2421,100966,14,3,11.77
2422,100967,18,1,17.13
2423,100967,2,1,13.99
2424,100967,8,1,18.03
2425,100968,9,2,10.02
2426,100968,20,2,10.65
2427,100969,7,2,13.96
2428,100969,10,3,11.9
2429,100970,13,3,15.43
2430,100971,16,2,16.23
2431,100971,19,1,19.89
2432,100972,9,2,12.26
2433,100972,3,2,9.18
2434,100973,13,3,12.54
2435,100973,6,1,11.22
2436,100973,11,3,17.62
2437,100974,4,1,17.4
2438,100974,11,2,14.47
2439,100974,8,2,13.79
2440,100975,11,3,17.51
2441,100975,10,3,9.22
2442,100975,5,1,19.24
2443,100976,1,2,12.47
2444,100976,1,1,19.63
2445,100976,10,3,16.2
2446,100976,14,3,8.05
2447,100977,12,1,16.65
2448,100977,13,3,12.1
2449,100977,8,1,15.43
2450,100978,14,2,9.54
2451,100978,14,2,13.67
2452,100979,16,3,8.95
2453,100979,15,1,14.27
2454,100979,14,3,8.08
2455,100980,3,3,10.76
2456,100980,20,3,16.49
2457,100980,11,3,11.99
2458,100980,10,2,15.46
2459,100981,10,1,15.08
2460,100981,13,3,17.06
2461,100982,14,3,8.18
2462,100982,12,2,19.42
2463,100982,13,1,10.18
2464,100983,15,1,12.29
2465,100983,17,1,9.29
2466,100984,17,3,9.62
2467,100985,13,3,18.79
2468,100985,11,3,8.29
2469,100985,5,3,17.16
2470,100986,6,1,19.7
2471,100986,10,2,18.0
2472,100986,11,2,13.42
2473,100986,9,3,17.72
2474,100987,10,1,11.58
2475,100988,18,3,16.0
2476,100988,8,1,8.44
2477,100988,10,3,15.18
2478,100988,16,1,18.55
2479,100989,2,3,11.83
2480,100990,5,3,18.02
2481,100990,20,2,9.56
2482,100990,10,2,13.67
2483,100991,16,1,13.44
2484,100991,18,3,12.08
2485,100991,11,2,11.65
2486,100992,12,1,15.88
2487,100992,9,2,14.18
2488,100992,17,3,9.87
2489,100993,8,2,11.87
2490,100993,4,3,8.69
2491,100993,18,2,12.59
2492,100993,16,1,16.82
2493,100994,17,3,9.23
2494,100994,12,1,19.13
2495,100995,14,1,8.46
2496,100995,11,3,11.84
2497,100995,6,3,12.92
2498,100996,17,3,8.23
2499,100996,9,2,14.19
2500,100996,17,1,19.97
2501,100996,15,3,9.92
2502,100997,11,1,17.2
2503,100998,13,2,19.08
2504,100998,19,3,11.38
2505,100998,18,1,11.62
2506,100999,12,3,19.7
2507,100999,10,2,10.28
2508,100999,11,3,14.82
2509,100999,16,2,11.24
2510,101000,20,3,17.75
2511,101000,3,1,19.07
2512,101000,6,2,13.74
2513,101000,17,3,12.44
2514,101001,19,2,16.65
2515,101001,6,3,16.68
2516,101001,1,2,13.73
2517,101001,14,1,11.12
2518,101002,20,1,18.63
2519,101002,11,1,15.91
2520,101002,15,1,11.73
2521,101002,13,2,9.83
2522,101003,12,3,11.05
2523,101003,1,3,18.88
2524,101003,15,3,19.47
2525,101003,2,3,15.88
2526,101004,13,2,15.3
2527,101004,5,3,14.69
2528,101004,5,2,18.89
2529,101004,13,1,16.35
2530,101005,14,2,19.87
2531,101005,3,3,11.29
2532,101005,11,2,16.89
2533,101006,3,2,19.08
2534,101006,9,2,10.48
2535,101007,13,2,13.37
2536,101007,3,1,13.43
2537,101007,20,1,14.74
2538,101007,15,3,12.54
2539,101008,18,1,8.71
2540,101008,1,1,11.43
2541,101008,3,1,19.21
2542,101009,1,2,14.06
2543,101010,12,2,15.57
2544,101010,11,3,15.32
2545,101010,3,3,12.84
2546,101011,19,3,19.42
2547,101012,1,2,11.77
2548,101012,18,1,14.23
2549,101013,1,3,12.28
2550,101013,14,2,19.69
2551,101013,17,1,14.78
2552,101014,5,2,16.23
2553,101014,17,3,19.9
2554,101014,19,3,11.4
2555,101015,15,2,12.97
2556,101015,15,1,12.54
2557,101015,19,1,17.71
2558,101016,5,2,10.21
2559,101016,9,1,16.19
2560,101016,13,3,13.46
2561,101016,8,2,18.38
2562,101017,16,3,18.1
2563,101017,9,1,11.1
2564,101018,20,2,19.9
2565,101019,1,2,12.04
2566,101019,12,3,12.1
2567,101019,14,1,15.87
2568,101019,18,2,9.62
2569,101020,15,3,17.4
2570,101020,16,2,14.98
2571,101021,1,2,9.93
2572,101022,14,1,11.95
2573,101023,15,3,9.16
2574,101023,16,3,19.17
2575,101024,19,1,19.47
2576,101024,7,3,13.34
2577,101024,12,3,11.34
2578,101024,5,2,14.44
2579,101025,18,1,17.1
2580,101025,9,3,17.17
2581,101025,2,1,18.05
2582,101025,8,2,13.82
2583,101026,13,1,8.78
2584,101026,14,3,12.51
2585,101026,13,1,8.65
2586,101027,9,1,13.63
2587,101028,18,3,14.57
2588,101029,3,1,13.14
2589,101029,6,1,19.97
2590,101029,9,2,19.58
2591,101030,17,2,10.35
2592,101030,17,1,12.09
2593,101030,17,2,18.67
2594,101030,13,3,13.09
2595,101031,8,2,12.58
2596,101031,8,2,15.65
2597,101031,2,3,9.72
2598,101031,12,2,18.1
2599,101032,10,3,18.88
2600,101032,18,2,8.56
2601,101033,3,1,11.6
2602,101033,11,2,18.19
2603,101034,1,1,15.14
2604,101034,17,2,16.16
2605,101035,12,2,19.79
2606,101036,4,2,18.8
2607,101036,2,2,16.95
2608,101037,12,2,16.06
2609,101037,11,1,13.8
2610,101038,4,3,18.85
2611,101039,13,1,10.68
2612,101039,16,2,10.74
2613,101039,9,2,11.76
2614,101039,7,1,13.41
2615,101040,15,1,16.4
2616,101040,8,3,10.31
2617,101041,8,3,14.3
2618,101041,9,3,8.78
2619,101041,4,1,17.06
2620,101041,7,2,11.29
2621,101042,13,1,15.08
2622,101042,18,2,14.61
2623,101042,20,1,12.6
2624,101042,17,1,10.19
2625,101043,16,1,13.83
2626,101044,12,2,15.93
2627,101044,10,3,11.21
2628,101044,6,2,11.3
2629,101044,14,1,15.07
2630,101045,11,2,11.4
2631,101046,8,2,19.48
2632,101047,14,2,13.2
2633,101047,18,1,19.73
2634,101047,14,2,10.44
2635,101047,18,3,17.03
2636,101048,7,1,10.46
2637,101048,15,1,10.4
2638,101048,11,1,12.47
2639,101048,1,2,15.89
2640,101049,11,3,8.09
2641,101049,13,2,8.82
2642,101049,12,1,17.09
2643,101049,10,1,18.89
2644,101050,1,3,9.22
2645,101050,19,1,16.71
2646,101051,9,1,17.39
2647,101051,8,2,16.01
2648,101051,17,3,16.76
2649,101052,14,3,18.58
2650,101052,5,2,15.17
2651,101052,19,1,10.35
2652,101052,13,1,12.21
2653,101053,19,1,18.63
2654,101054,14,1,10.03
2655,101054,20,2,10.18
2656,101054,7,3,9.77
2657,101055,14,2,16.55
2658,101055,1,1,16.89
2659,101055,17,2,13.38
2660,101055,13,1,10.46
2661,101056,18,3,10.65
2662,101056,4,1,17.4
2663,101056,16,3,18.72
2664,101057,18,1,18.15
2665,101058,19,1,16.41
2666,101058,12,1,14.11
2667,101058,19,1,17.07
2668,101059,5,3,15.99
2669,101059,8,2,16.02
2670,101059,9,3,8.75
2671,101059,16,3,13.68
2672,101060,6,1,19.38
2673,101060,18,3,8.46
2674,101060,17,3,11.06
2675,101061,9,1,10.22
2676,101061,17,1,11.32
2677,101061,14,3,8.34
2678,101062,2,3,13.6
2679,101062,4,1,12.45
2680,101063,14,1,10.67
2681,101063,6,1,13.84
2682,101064,12,2,10.9
2683,101064,14,1,19.31
2684,101064,14,2,17.64
2685,101065,13,1,18.89
2686,101065,8,3,12.82
2687,101065,8,2,10.44
2688,101066,6,2,8.35
2689,101066,3,3,17.31
2690,101066,8,1,11.36
2691,101066,14,3,19.73
2692,101067,16,1,14.34
2693,101068,5,3,12.15
2694,101068,14,1,12.51
2695,101068,5,3,11.31
2696,101068,1,2,17.28
2697,101069,6,2,16.41
2698,101070,1,3,18.65
2699,101071,16,1,19.67
2700,101071,14,1,15.41
2701,101071,1,3,18.15
2702,101072,3,1,14.07
2703,101072,10,1,8.17
2704,101072,6,3,9.35
2705,101073,6,3,15.89
2706,101073,1,3,8.66
2707,101073,15,1,18.3
2708,101074,17,3,17.17
2709,101074,3,1,15.03
2710,101075,20,3,15.38
2711,101076,13,3,9.36
2712,101077,9,1,8.92
2713,101077,8,3,8.06
2714,101077,13,3,12.29
2715,101078,13,2,14.19
2716,101078,10,1,12.37
2717,101078,4,3,11.59
2718,101078,11,1,15.64
2719,101079,13,2,15.35
2720,101079,3,3,8.28
2721,101079,4,2,17.2
2722,101079,5,2,13.35
2723,101080,10,3,13.19
2724,101081,8,1,8.87
2725,101082,12,2,10.06
2726,101082,20,2,11.45
2727,101083,12,2,14.34
2728,101083,1,3,15.42
2729,101083,5,3,14.05
2730,101083,13,2,15.57
2731,101084,20,1,10.6
2732,101085,19,2,14.37
2733,101085,7,2,14.74
2734,101085,7,2,8.41
2735,101085,1,2,13.88
2736,101086,6,3,16.73
2737,101086,10,3,10.96
2738,101086,18,1,19.88
2739,101087,3,2,13.11
2740,101087,8,2,18.39
2741,101088,16,2,12.99
2742,101088,12,3,17.46
2743,101088,3,1,8.58
2744,101088,16,3,13.01
2745,101089,2,1,12.46
2746,101089,15,1,11.43
2747,101089,17,1,8.42
2748,101090,17,2,16.59
2749,101090,10,3,12.62
2750,101090,16,1,18.58
2751,101090,12,3,16.6
2752,101091,10,2,13.55
2753,101091,15,1,19.74
2754,101091,3,3,10.02
2755,101091,7,2,10.88
2756,101092,7,1,15.89
2757,101092,11,2,14.4
2758,101092,10,2,11.08
2759,101093,14,2,19.95
2760,101093,14,3,10.44
2761,101093,7,2,17.78
2762,101093,6,1,13.19
2763,101094,4,3,9.76
2764,101094,6,2,15.6
2765,101094,9,2,14.18
2766,101094,6,1,14.63
2767,101095,18,3,17.43
2768,101095,5,3,19.25
2769,101096,9,3,9.23
2770,101096,13,2,8.15
2771,101097,6,3,12.05
2772,101097,10,1,11.01
2773,101097,3,3,12.08
2774,101098,3,2,9.02
2775,101098,9,2,13.43
2776,101098,19,2,13.06
2777,101099,20,3,17.02
2778,101099,3,1,16.46
2779,101099,9,2,9.26
2780,101099,6,2,14.88
2781,101100,6,3,9.65
2782,101100,5,1,18.86
2783,101101,12,3,15.33
2784,101101,19,1,10.12
2785,101101,12,1,11.03
2786,101101,9,1,12.19
2787,101102,15,3,13.08
2788,101102,17,3,18.46
2789,101102,7,3,8.08
2790,101103,7,2,8.11
2791,101103,20,3,13.67
2792,101103,11,2,8.94
2793,101104,13,2,10.21
2794,101105,2,2,14.16
2795,101105,11,2,18.71
2796,101106,11,3,18.38
2797,101106,8,1,15.48
2798,101106,4,2,8.09
2799,101107,9,1,18.68
2800,101107,8,1,9.22
2801,101107,1,2,10.66
2802,101107,7,3,13.22
2803,101108,4,2,11.35
2804,101108,11,2,11.27
2805,101108,3,2,13.86
2806,101108,5,3,10.71
2807,101109,9,1,11.35
2808,101110,17,3,16.09
2809,101110,5,2,15.74
2810,101110,14,3,10.62
2811,101110,12,3,10.9
2812,101111,17,1,16.49
2813,101111,9,2,10.1
2814,101112,15,1,12.26
2815,101113,14,2,15.33
2816,101113,17,2,15.71
2817,101113,14,3,17.76
2818,101114,6,3,12.38
2819,101114,1,3,18.27
2820,101115,11,2,9.49
2821,101115,13,1,9.6
2822,101115,12,2,18.74
2823,101116,9,3,17.69
2824,101116,16,3,12.43
2825,101116,11,1,17.15
2826,101116,11,3,19.57
2827,101117,12,1,15.18
2828,101117,5,3,8.75
2829,101117,14,1,8.78
2830,101117,1,3,10.66
2831,101118,19,3,17.32
2832,101118,20,2,18.29
2833,101118,4,3,11.7
2834,101118,14,2,10.66
2835,101119,15,2,8.23
2836,101119,10,3,10.09
2837,101119,2,3,13.61
2838,101119,20,1,17.72
2839,101120,9,2,17.15
2840,101120,2,1,15.08
2841,101120,6,2,15.16
2842,101121,3,2,17.73
2843,101121,7,1,12.52
2844,101121,8,2,9.48
2845,101121,17,1,15.43
2846,101122,3,1,17.55
2847,101122,15,1,10.42
2848,101122,4,2,12.14
2849,101123,18,2,14.74
2850,101123,14,3,19.9
2851,101123,8,1,15.83
2852,101124,12,2,8.15
2853,101124,4,2,10.82
2854,101125,6,1,12.23
2855,101126,10,2,11.31
2856,101126,14,3,11.17
2857,101127,9,3,16.86
2858,101128,20,3,8.59
2859,101129,5,1,14.0
2860,101129,3,3,16.49
2861,101129,1,3,8.17
2862,101129,9,1,17.87
2863,101130,8,3,17.79
2864,101130,16,2,12.97
2865,101130,14,3,14.85
2866,101131,20,1,13.3
2867,101131,13,2,11.35
2868,101132,8,2,11.51
2869,101133,8,1,18.7
2870,101133,8,1,18.54
2871,101133,13,2,17.78
2872,101134,17,3,10.41
2873,101134,7,1,17.03
2874,101134,2,2,15.61
2875,101134,11,1,15.19
2876,101135,11,1,18.33
2877,101135,8,2,12.89
2878,101135,19,1,19.28
2879,101135,2,1,13.54
2880,101136,6,1,12.9
2881,101136,14,2,19.69
2882,101136,17,2,9.85
2883,101137,19,3,18.55
2884,101138,18,3,10.32
2885,101139,5,2,9.81
2886,101139,5,2,13.69
2887,101140,20,1,8.09
2888,101140,6,2,9.76
2889,101140,20,3,9.76
2890,101140,9,2,11.93
2891,101141,7,1,12.07
2892,101141,9,1,16.11
2893,101142,15,1,10.12
2894,101142,1,2,8.48
2895,101142,8,1,9.15
2896,101143,14,3,17.7
2897,101144,1,3,19.78
2898,101144,3,1,16.49
2899,101145,3,2,14.6
2900,101145,13,3,8.74
2901,101146,6,1,11.28
2902,101147,20,3,10.9
2903,101148,4,2,8.8
2904,101148,9,3,17.15
2905,101149,12,2,18.37
2906,101149,18,3,14.1
2907,101149,20,3,16.38
2908,101150,15,2,17.51
2909,101150,13,1,17.58
2910,101150,9,1,8.15
2911,101150,7,3,12.12
2912,101151,11,1,19.83
2913,101151,3,2,13.66
2914,101152,15,3,11.94
2915,101152,16,1,14.15
2916,101152,13,2,19.06
2917,101152,17,2,14.5
2918,101153,12,3,17.94
2919,101154,3,3,13.9
2920,101154,7,1,17.97
2921,101155,10,1,8.98
2922,101155,16,1,18.54
2923,101155,4,2,15.15
2924,101156,9,3,11.67
2925,101157,19,3,14.47
2926,101157,5,1,9.12
2927,101157,13,3,9.78
2928,101158,6,3,18.84
2929,101158,3,3,12.97
2930,101158,15,2,8.34
2931,101158,1,2,14.69
2932,101159,3,2,15.83
2933,101159,2,2,17.93
2934,101160,5,3,14.13
2935,101161,9,3,17.75
2936,101161,20,1,9.12
2937,101162,7,1,10.61
2938,101162,11,2,18.61
2939,101163,5,1,10.92
2940,101164,4,3,8.99
2941,101165,15,2,14.58
2942,101166,13,3,17.82
2943,101166,10,3,18.08
2944,101166,16,2,14.59
2945,101166,18,1,11.51
2946,101167,18,3,8.32
2947,101168,14,3,16.02
2948,101168,8,3,11.79
2949,101169,11,1,16.74
2950,101169,1,1,9.5
2951,101169,1,2,9.38
2952,101170,4,3,9.68
2953,101170,1,1,8.4
2954,101171,18,3,19.93
2955,101171,4,1,19.01
2956,101171,11,1,15.46
2957,101171,7,3,14.96
2958,101172,19,1,9.67
2959,101173,11,1,19.9
2960,101173,8,1,12.46
2961,101173,5,2,17.58
2962,101174,1,3,17.7
2963,101175,13,3,9.42
2964,101176,13,3,10.8
2965,101176,13,2,10.23
2966,101176,14,2,19.65
2967,101177,1,3,17.87
2968,101178,2,3,14.29
2969,101179,2,3,8.77
2970,101179,11,1,13.03
2971,101179,12,3,8.32
2972,101179,13,1,11.19
2973,101180,14,1,11.49
2974,101181,15,3,8.66
2975,101182,10,3,13.01
2976,101182,11,1,11.22
2977,101182,3,3,9.17
2978,101183,20,2,11.95
2979,101183,18,1,10.08
2980,101184,2,1,15.87
2981,101184,2,1,15.76
2982,101184,13,1,15.69
2983,101184,18,3,15.71
2984,101185,19,3,13.82
2985,101186,4,2,13.68
2986,101186,14,1,12.43
2987,101186,18,2,17.04
2988,101187,2,3,18.11
2989,101187,14,2,12.51
2990,101188,16,1,10.5
2991,101188,12,3,9.49
2992,101188,10,3,15.76
2993,101188,16,3,13.08
2994,101189,3,1,12.34
2995,101189,5,1,8.35
2996,101190,14,1,9.58
2997,101190,16,2,15.89
2998,101191,1,2,17.37
2999,101192,4,1,18.6
3000,101192,13,3,11.85
3001,101192,19,1,11.32
3002,101192,5,1,13.56
3003,101193,18,1,11.02
3004,101193,12,3,14.07
3005,101194,12,3,16.88
3006,101195,19,1,18.77
3007,101196,7,3,12.92
3008,101196,4,3,16.12
3009,101197,10,2,8.31
3010,101197,14,2,11.51
3011,101197,14,2,19.75
3012,101198,18,2,15.9
3013,101198,14,3,16.74
3014,101198,12,3,14.45
3015,101198,9,3,10.4
3016,101199,7,2,17.15
3017,101199,20,2,12.91
3018,101200,1,1,14.49
3019,101201,17,2,18.9
3020,101201,3,3,9.49
3021,101201,18,1,19.89
3022,101202,20,1,10.39
3023,101202,3,3,8.23
3024,101202,15,3,15.88
3025,101203,8,1,8.55
3026,101203,15,2,10.68
3027,101203,13,1,16.56
3028,101204,6,1,10.69
3029,101204,13,2,18.89
3030,101204,4,3,15.08
3031,101204,11,3,14.52
3032,101205,19,2,10.95
3033,101205,1,2,12.76
3034,101205,11,1,11.42
3035,101206,3,3,14.0
3036,101206,16,2,11.1
3037,101207,6,3,12.36
3038,101208,16,3,19.85
3039,101208,19,1,12.33
3040,101208,9,3,14.62
3041,101209,5,2,16.35
3042,101209,19,2,19.01
3043,101209,17,3,14.96
3044,101210,9,1,19.18
3045,101211,5,2,19.71
3046,101211,19,2,10.44
3047,101212,15,2,16.11
3048,101213,12,2,9.09
3049,101213,16,3,16.25
3050,101213,17,3,10.17
3051,101213,20,2,9.01
3052,101214,1,2,11.31
3053,101214,18,2,8.5
3054,101214,1,2,19.45
3055,101214,16,1,15.45
3056,101215,13,2,19.72
3057,101215,14,2,9.47
3058,101216,13,1,15.67
3059,101217,6,2,14.75
3060,101217,5,3,12.82
3061,101217,13,1,8.35
3062,101218,15,1,16.35
3063,101218,15,2,12.69
3064,101218,6,1,18.44
3065,101218,19,1,17.08
3066,101219,7,3,18.07
3067,101219,10,1,8.11
3068,101220,17,1,12.39
3069,101220,20,2,14.99
3070,101221,6,1,13.82
3071,101222,18,3,12.94
3072,101223,2,3,9.45
3073,101224,12,2,12.74
3074,101224,15,2,12.29
3075,101225,15,3,10.95
3076,101225,14,3,11.3
3077,101225,19,3,8.78
3078,101226,19,1,18.88
3079,101227,2,2,13.43
3080,101227,4,3,8.71
3081,101227,1,1,15.76
3082,101227,2,2,17.22
3083,101228,10,2,9.51
3084,101228,13,1,8.57
3085,101228,2,2,8.78
3086,101228,12,1,17.98
3087,101229,6,3,10.15
3088,101229,18,1,18.05
3089,101229,5,1,10.36
3090,101229,11,3,16.55
3091,101230,19,2,13.88
3092,101230,9,1,13.3
3093,101230,12,2,11.82
3094,101230,4,1,18.37
3095,101231,12,1,17.56
3096,101231,14,2,15.76
3097,101231,9,1,12.15
3098,101232,13,3,15.72
3099,101232,4,3,18.24
3100,101232,13,3,17.82
3101,101233,11,3,8.46
3102,101234,5,2,15.47
3103,101234,2,3,12.35
3104,101234,1,2,19.46
3105,101234,10,3,19.03
3106,101235,15,1,16.48
3107,101235,3,2,10.09
3108,101235,20,1,10.63
3109,101235,2,2,14.5
3110,101236,12,1,14.18
3111,101237,4,2,13.69
3112,101237,16,3,11.52
3113,101237,10,3,12.09
3114,101238,2,2,19.48
3115,101238,6,3,14.73
3116,101238,9,3,13.24
3117,101239,7,1,15.9
3118,101239,17,2,15.54
3119,101239,11,1,19.19
3120,101239,20,3,11.95
3121,101240,11,1,12.1
3122,101240,8,3,14.84
3123,101241,16,2,9.82
3124,101241,5,3,12.02
3125,101242,7,1,17.08
3126,101243,15,2,12.13
3127,101243,2,3,16.09
3128,101244,16,3,17.34
3129,101244,11,2,10.12
3130,101244,16,1,15.42
3131,101244,15,1,9.43
3132,101245,16,1,9.33
3133,101246,12,3,11.75
3134,101246,16,1,9.72
3135,101247,12,2,9.41
3136,101248,9,2,15.18
3137,101249,19,3,14.87
3138,101249,2,3,17.43
3139,101249,18,2,18.84
3140,101249,14,1,13.2
3141,101250,16,1,18.13
3142,101250,3,3,16.14
3143,101250,5,3,12.26
3144,101250,18,3,11.32
3145,101251,8,2,11.93
3146,101251,19,2,13.6
3147,101251,14,3,19.33
3148,101251,9,1,9.35
3149,101252,14,2,13.64
3150,101252,19,3,19.77
3151,101252,3,2,14.87
3152,101252,19,1,12.45
3153,101253,2,1,13.58
3154,101254,4,3,17.26
3155,101254,16,1,10.92
3156,101254,7,2,15.11
3157,101254,9,1,13.33
3158,101255,7,2,11.93
3159,101255,16,1,19.9
3160,101255,10,3,19.94
3161,101255,16,1,15.48
3162,101256,3,1,17.68
3163,101256,9,1,14.09
3164,101256,4,1,15.97
3165,101257,10,1,9.96
3166,101258,19,1,18.65
3167,101258,16,3,9.34
3168,101258,15,3,13.95
3169,101259,20,1,17.6
3170,101260,1,2,15.92
3171,101260,20,1,12.27
3172,101260,7,1,16.96
3173,101261,6,2,8.35
3174,101261,18,2,11.77
3175,101261,18,2,12.4
3176,101261,5,2,14.67
3177,101262,6,3,15.15
3178,101262,11,1,8.95
3179,101263,20,2,15.48
3180,101263,8,2,14.96
3181,101264,9,3,8.88
3182,101264,9,3,18.02
3183,101264,3,1,11.27
3184,101264,20,1,8.14
3185,101265,15,1,18.41
3186,101265,2,3,10.93
3187,101266,1,1,12.18
3188,101267,18,2,10.21
3189,101268,16,2,14.65
3190,101268,9,1,8.27
3191,101269,16,2,11.23
3192,101270,14,3,17.09
3193,101270,14,1,17.65
3194,101270,4,2,14.89
3195,101270,10,1,11.3
3196,101271,17,2,16.11
3197,101272,12,3,16.84
3198,101272,3,2,15.93
3199,101273,16,3,12.93
3200,101273,18,1,17.54
3201,101273,11,2,18.78
3202,101273,7,3,14.28
3203,101274,4,2,13.71
3204,101274,2,2,9.68
3205,101274,10,1,11.71
3206,101274,14,1,10.42
3207,101275,2,3,15.5
3208,101275,14,3,15.22
3209,101275,2,2,9.9
3210,101275,3,2,19.63
3211,101276,19,3,11.38
3212,101277,9,1,17.21
3213,101277,3,2,19.67
3214,101277,17,2,8.68
3215,101277,7,3,11.08
3216,101278,20,1,13.07
3217,101278,13,2,13.14
3218,101278,16,2,18.66
3219,101278,3,3,13.88
3220,101279,11,1,11.54
3221,101280,13,1,9.9
3222,101280,18,2,17.43
3223,101281,17,1,12.47
3224,101281,9,1,18.03
3225,101281,12,2,17.71
3226,101281,13,1,18.91
3227,101282,9,1,11.92
3228,101283,1,3,11.85
3229,101283,15,2,9.98
3230,101284,15,2,9.98
3231,101284,1,2,16.17
3232,101284,10,1,10.91
3233,101285,12,2,10.06
3234,101285,10,3,13.23
3235,101286,19,2,10.77
3236,101286,5,3,10.95
3237,101286,2,2,10.45
3238,101287,12,1,16.71
3239,101287,6,1,16.4
3240,101287,2,1,10.25
3241,101287,20,2,10.12
3242,101288,2,1,19.81
3243,101288,2,1,18.89
3244,101288,8,3,12.77
3245,101289,10,3,10.0
3246,101289,14,2,11.31
3247,101289,12,1,19.14
3248,101290,5,2,9.66
3249,101290,5,2,19.22
3250,101290,14,3,19.37
3251,101290,11,1,17.45
3252,101291,15,2,16.57
3253,101291,13,3,16.49
3254,101291,16,1,15.08
3255,101291,8,1,8.83
3256,101292,8,2,10.81
3257,101292,5,3,17.76
3258,101293,20,1,13.88
3259,101293,10,2,16.78
3260,101294,4,3,13.89
3261,101294,12,1,16.57
3262,101294,20,2,13.95
3263,101294,8,2,15.61
3264,101295,19,1,19.78
3265,101295,13,1,10.36
3266,101295,11,1,11.52
3267,101295,10,1,14.27
3268,101296,4,2,8.84
3269,101296,18,2,11.31
3270,101296,6,1,8.71
3271,101297,18,3,10.19
3272,101298,11,2,14.71
3273,101299,14,3,9.6
3274,101299,8,3,11.32
3275,101299,2,1,12.34
3276,101300,1,2,16.9
3277,101300,7,3,9.32
3278,101300,8,1,12.03
3279,101300,20,3,16.92
3280,101301,2,2,12.23
3281,101301,18,1,10.59
3282,101301,16,3,14.16
3283,101301,1,1,16.3
3284,101302,19,3,19.65
3285,101303,17,3,14.12
3286,101304,19,3,17.72
3287,101304,19,3,19.88
3288,101304,20,3,9.42
3289,101305,3,2,9.16
3290,101305,12,2,18.15
3291,101306,17,2,14.77
3292,101306,7,2,18.97
3293,101307,1,3,10.6
3294,101307,11,1,11.12
3295,101307,16,3,10.74
3296,101308,6,1,19.21
3297,101308,19,2,14.61
3298,101309,4,3,9.37
3299,101310,2,3,14.42
3300,101310,17,2,18.52
3301,101311,3,2,17.12
3302,101311,7,3,9.84
3303,101312,4,2,9.36
3304,101312,19,3,12.43
3305,101312,14,1,11.89
3306,101313,12,2,8.33
3307,101314,16,1,13.57
3308,101315,6,1,9.76
3309,101315,8,1,12.23
3310,101316,9,1,16.72
3311,101317,9,1,16.91
3312,101317,10,2,17.44
3313,101318,15,3,9.09
3314,101318,4,2,9.47
3315,101319,20,1,18.79
3316,101319,12,3,11.54
3317,101319,16,3,16.57
3318,101319,4,3,13.08
3319,101320,6,2,11.27
3320,101320,12,1,12.72
3321,101321,14,1,13.05
3322,101321,17,3,14.89
3323,101321,12,1,12.38
3324,101321,18,1,18.25
3325,101322,8,3,10.36
3326,101322,5,1,18.23
3327,101323,3,1,14.53
3328,101323,18,2,11.36
3329,101324,17,1,9.85
3330,101324,14,3,9.46
3331,101324,7,1,11.38
3332,101325,8,1,9.32
3333,101325,18,3,9.15
3334,101326,5,3,12.25
3335,101326,9,3,12.04
3336,101326,5,3,17.53
3337,101326,11,3,13.59
3338,101327,16,3,18.55
3339,101327,5,3,12.86
3340,101328,8,2,12.15
3341,101329,9,1,11.43
3342,101329,1,1,14.33
3343,101329,3,2,16.38
3344,101330,5,3,10.36
3345,101330,18,3,18.64
3346,101331,12,3,12.82
3347,101331,17,2,12.68
3348,101331,5,3,16.42
3349,101332,5,3,8.48
3350,101332,3,3,9.86
3351,101333,16,1,17.32
3352,101333,7,3,16.04
3353,101333,3,2,8.57
3354,101333,7,3,10.22
3355,101334,6,1,14.31
3356,101335,6,2,14.47
3357,101335,17,2,8.94
3358,101335,7,2,10.98
3359,101335,16,1,13.66
3360,101336,11,2,10.84
3361,101337,13,1,16.67
3362,101337,15,1,11.07
3363,101337,6,1,19.14
3364,101338,17,3,15.43
3365,101338,9,3,12.61
3366,101338,8,3,8.87
3367,101338,18,2,11.62
3368,101339,11,3,13.05
3369,101340,18,2,14.57
3370,101340,17,1,9.3
3371,101340,12,2,13.61
3372,101340,6,1,16.2
3373,101341,13,3,11.38
3374,101341,1,1,10.65
3375,101341,19,1,14.56
3376,101342,17,1,13.52
3377,101343,15,2,15.62
3378,101344,13,2,19.51
3379,101344,3,1,15.06
3380,101345,13,2,13.0
3381,101346,20,1,14.57
3382,101346,20,2,12.66
3383,101346,13,3,15.35
3384,101346,8,3,8.12
3385,101347,18,3,15.89
3386,101347,4,3,14.0
3387,101347,7,3,9.99
3388,101348,15,1,13.83
3389,101348,17,2,15.29
3390,101348,19,1,14.51
3391,101348,2,3,8.57
3392,101349,10,3,12.37
3393,101350,10,1,8.81
3394,101350,3,3,9.84
3395,101350,4,3,11.85
3396,101350,10,2,19.35
3397,101351,20,1,12.39
3398,101351,4,2,9.66
3399,101351,11,1,9.63
3400,101351,2,1,16.37
3401,101352,8,1,17.02
3402,101352,16,3,9.1
3403,101353,8,2,16.99
3404,101353,4,1,13.03
3405,101354,7,2,14.29
3406,101355,17,1,10.32
3407,101356,8,1,15.72
3408,101356,11,3,12.52
3409,101357,14,3,13.47
3410,101357,7,1,10.91
3411,101357,15,1,17.49
3412,101357,16,3,13.18
3413,101358,4,2,12.91
3414,101358,10,3,17.0
3415,101359,1,3,16.75
3416,101359,12,2,17.48
3417,101359,18,3,16.63
3418,101360,6,1,9.0
3419,101360,20,1,8.75
3420,101360,11,2,15.52
3421,101361,7,1,12.13
3422,101361,16,3,10.69
3423,101361,12,2,16.28
3424,101362,4,2,15.19
3425,101362,11,3,14.53
3426,101363,13,1,19.4
3427,101363,13,2,17.1
3428,101363,10,3,10.7
3429,101363,11,1,12.82
3430,101364,19,1,18.91
3431,101364,7,1,18.33
3432,101364,6,3,17.57
3433,101364,12,2,15.69
3434,101365,1,1,8.83
3435,101366,11,2,14.98
3436,101366,17,2,18.01
3437,101366,5,3,15.49
3438,101367,4,3,18.15
3439,101367,20,1,12.31
3440,101367,17,2,16.47
3441,101367,4,2,10.51
3442,101368,5,1,10.36
3443,101368,6,3,12.0
3444,101369,7,3,12.18
3445,101369,7,3,14.34
3446,101370,13,2,8.7
3447,101371,20,1,16.67
3448,101372,10,2,8.96
3449,101372,3,3,8.47
3450,101373,13,2,12.49
3451,101374,17,2,10.31
3452,101375,5,1,16.33
3453,101376,19,3,19.16
3454,101376,1,3,14.11
3455,101376,8,2,17.21
3456,101376,3,2,9.42
3457,101377,16,1,10.81
3458,101377,8,3,17.32
3459,101377,1,1,17.74
3460,101378,7,2,19.98
3461,101379,10,3,8.08
3462,101379,8,2,10.92
3463,101379,15,2,17.48
3464,101379,15,2,19.47
3465,101380,5,2,17.07
3466,101380,3,1,14.57
3467,101380,8,2,17.17
3468,101380,5,1,19.37
3469,101381,16,3,8.99
3470,101381,7,1,8.87
3471,101381,8,1,16.85
3472,101382,18,2,19.33
3473,101382,14,3,17.9
3474,101382,2,1,9.01
3475,101383,10,1,13.44
3476,101383,3,2,14.75
3477,101383,3,1,12.28
3478,101383,13,3,18.1
3479,101384,14,3,16.0
3480,101384,20,1,16.73
3481,101384,11,1,17.63
3482,101384,16,1,17.49
3483,101385,6,1,17.05
3484,101385,16,3,16.31
3485,101385,10,3,8.73
3486,101386,17,1,15.52
3487,101386,4,1,11.42
3488,101386,3,3,19.32
3489,101386,1,2,19.34
3490,101387,1,3,14.62
3491,101388,6,3,19.61
3492,101388,18,2,11.9
3493,101388,17,3,18.14
3494,101388,9,1,13.43
3495,101389,4,1,10.48
3496,101389,5,3,8.23
3497,101390,15,1,10.08
3498,101390,15,2,18.25
3499,101391,10,2,11.66
3500,101391,6,2,12.19
3501,101392,7,2,9.59
3502,101392,3,3,19.36
3503,101392,19,2,12.28
3504,101392,6,3,14.85
3505,101393,13,2,16.04
3506,101393,15,3,8.66
3507,101393,8,3,9.86
3508,101394,11,3,16.64
3509,101394,8,1,17.48
3510,101394,20,2,16.57
3511,101395,15,1,19.77
3512,101395,5,3,12.08
3513,101396,16,2,10.74
3514,101397,1,3,10.94
3515,101397,16,1,14.88
3516,101397,6,2,19.64
3517,101398,8,3,12.39
3518,101398,16,2,11.85
3519,101399,17,2,8.33
3520,101399,14,2,13.25
3521,101400,2,3,18.33
3522,101400,6,2,11.6
3523,101401,12,1,8.72
3524,101401,19,1,8.32
3525,101401,7,1,9.49
3526,101402,4,3,9.41
3527,101403,14,1,12.46
3528,101403,3,3,13.24
3529,101403,9,3,16.84
3530,101403,15,1,12.25
3531,101404,11,1,9.16
3532,101404,10,3,15.58
3533,101404,1,3,11.27
3534,101404,16,3,9.15
3535,101405,7,1,10.08
3536,101405,20,1,12.5
3537,101405,14,1,11.49
3538,101405,17,1,18.63
3539,101406,20,2,18.06
3540,101406,6,2,16.66
3541,101406,13,3,15.98
3542,101406,2,3,13.53
3543,101407,4,1,11.13
3544,101407,16,2,11.29
3545,101408,15,3,18.4
3546,101408,17,3,12.42
3547,101408,10,2,10.95
3548,101408,9,2,17.6
3549,101409,7,3,13.38
3550,101410,2,1,15.45
3551,101411,8,3,13.09
3552,101412,18,2,18.12
3553,101412,14,1,9.58
3554,101413,18,3,18.63
3555,101413,10,2,14.18
3556,101413,4,1,14.57
3557,101413,3,2,9.8
3558,101414,6,3,16.25
3559,101415,8,1,11.52
3560,101415,10,3,8.84
3561,101415,13,3,18.71
3562,101416,9,1,12.43
3563,101416,4,2,9.35
3564,101416,7,3,16.14
3565,101416,8,1,9.49
3566,101417,11,2,9.26
3567,101417,20,1,15.67
3568,101417,10,2,17.61
3569,101418,16,2,18.52
3570,101418,12,3,10.7
3571,101418,5,1,10.29
3572,101419,16,1,11.91
3573,101420,9,1,10.77
3574,101420,1,2,14.55
3575,101420,17,2,17.37
3576,101420,17,2,13.31
3577,101421,19,1,8.61
3578,101421,11,2,19.08
3579,101422,7,3,14.35
3580,101422,16,2,13.88
3581,101422,19,1,8.94
3582,101423,6,3,17.21
3583,101423,16,3,10.35
3584,101423,10,2,14.24
3585,101424,17,3,10.62
3586,101424,6,1,10.15
3587,101424,7,1,17.09
3588,101424,17,1,15.01
3589,101425,5,1,16.19
3590,101426,19,1,10.73
3591,101426,9,1,8.89
3592,101426,8,1,8.57
3593,101427,1,3,12.97
3594,101428,13,2,15.93
3595,101429,9,3,13.28
3596,101429,5,1,16.64
3597,101430,13,3,17.51
3598,101430,2,1,11.33
3599,101430,9,2,17.78
3600,101431,2,3,12.15
3601,101432,2,1,17.69
3602,101432,5,2,11.72
3603,101432,8,2,10.24
3604,101432,18,2,18.85
3605,101433,2,3,8.19
3606,101433,1,3,13.97
3607,101433,4,3,16.41
3608,101434,17,3,18.13
3609,101435,10,2,9.2
3610,101436,12,1,15.42
3611,101436,8,1,11.99
3612,101436,16,2,13.34
3613,101436,1,2,8.78
3614,101437,7,1,14.44
3615,101437,15,2,9.34
3616,101438,20,1,14.15
3617,101439,2,1,15.73
3618,101440,15,2,19.45
3619,101441,7,2,11.9
3620,101441,20,2,14.35
3621,101441,9,3,15.28
3622,101442,7,3,10.53
3623,101442,18,3,12.23
3624,101442,12,1,11.92
3625,101443,17,1,12.05
3626,101444,18,3,14.57
3627,101445,15,3,13.23
3628,101445,17,2,17.14
3629,101446,5,1,17.6
3630,101446,15,1,19.82
3631,101447,17,2,17.37
3632,101447,4,3,10.4
3633,101448,20,2,14.24
3634,101449,20,2,15.1
3635,101450,10,3,12.95
3636,101450,18,1,14.79
3637,101451,2,2,13.87
3638,101451,18,3,19.9
3639,101451,20,2,16.14
3640,101451,13,1,16.41
3641,101452,14,2,16.95
3642,101452,4,2,11.49
3643,101452,3,3,19.23
3644,101452,9,1,8.35
3645,101453,18,3,13.95
3646,101454,11,2,19.95
3647,101454,8,3,15.14
3648,101454,2,2,18.57
3649,101454,7,3,10.39
3650,101455,17,2,8.5
3651,101455,13,2,14.62
3652,101455,5,2,9.31
3653,101456,3,3,18.7
3654,101456,18,3,9.41
3655,101457,18,3,9.27
3656,101457,19,3,11.27
3657,101457,17,3,12.5
3658,101457,19,1,10.83
3659,101458,9,2,8.62
3660,101459,6,3,18.71
3661,101460,13,1,10.09
3662,101460,4,3,19.9
3663,101460,12,3,15.07
3664,101460,19,2,11.61
3665,101461,12,1,18.76
3666,101462,18,1,14.79
3667,101462,1,3,18.1
3668,101463,10,1,17.59
3669,101463,6,3,12.36
3670,101463,10,3,11.6
3671,101464,17,1,9.23
3672,101464,14,1,18.15
3673,101464,4,2,18.52
3674,101464,9,3,17.78
3675,101465,12,1,10.31
3676,101465,4,2,9.62
3677,101465,1,3,11.26
3678,101465,16,3,11.06
3679,101466,9,1,11.49
3680,101466,15,3,19.02
3681,101466,6,2,9.32
3682,101467,13,2,16.75
3683,101468,4,3,17.65
3684,101468,19,2,14.33
3685,101468,6,2,19.06
3686,101469,1,1,11.95
3687,101470,15,3,18.66
3688,101470,6,1,19.28
3689,101470,5,3,13.01
3690,101471,9,1,9.7
3691,101471,10,1,16.29
3692,101471,20,2,17.68
3693,101472,16,2,9.71
3694,101472,20,1,19.44
3695,101473,3,3,9.51
3696,101473,10,3,14.04
3697,101474,2,3,18.79
3698,101475,13,2,15.65
3699,101476,10,2,10.23
3700,101476,19,3,17.89
3701,101476,18,3,14.03
3702,101476,13,1,13.05
3703,101477,15,2,18.32
3704,101477,19,2,14.82
3705,101477,20,2,9.85
3706,101477,14,3,18.14
3707,101478,3,3,19.24
3708,101478,8,1,9.82
3709,101478,6,1,9.63
3710,101479,16,2,18.09
3711,101479,17,3,19.72
3712,101480,5,1,14.92
3713,101481,14,3,14.17
3714,101481,18,1,14.85
3715,101482,19,2,9.22
3716,101483,19,3,18.3
3717,101483,17,3,9.07
3718,101483,17,1,11.35
3719,101483,1,3,12.57
3720,101484,10,2,8.57
3721,101484,11,1,15.41
3722,101484,15,1,13.96
3723,101485,11,3,17.2
3724,101485,5,1,9.0
3725,101486,18,2,19.95
3726,101486,4,1,12.38
3727,101486,9,2,19.37
3728,101487,3,1,10.78
3729,101488,13,2,14.84
3730,101488,15,3,19.08
3731,101488,18,2,11.58
3732,101488,3,1,8.85
3733,101489,1,2,16.48
3734,101489,14,1,14.26
3735,101490,17,2,10.95
3736,101491,10,1,18.53
3737,101492,6,3,13.14
3738,101492,10,3,16.81
3739,101493,19,1,19.64
3740,101493,14,3,17.08
3741,101493,7,3,8.38
3742,101494,8,1,18.13
3743,101494,3,3,10.16
3744,101494,7,1,17.24
3745,101494,15,3,17.76
3746,101495,18,3,14.1
3747,101495,6,2,13.33
3748,101495,19,1,15.58
3749,101495,7,3,11.32
3750,101496,7,2,18.81
3751,101496,7,1,14.47
3752,101496,20,3,8.33
3753,101496,17,3,18.22
3754,101497,16,2,18.71
3755,101497,12,2,19.22
3756,101497,14,2,16.36
3757,101498,8,3,18.9
3758,101498,19,1,13.53
3759,101499,19,2,15.32
3760,101499,12,2,11.94
