order_id,customer_id,store_id,order_datetime,order_date,order_status,order_channel
10001,422,10,2024-01-22 21:13:14,2024-01-22,completed,mobile
10002,485,11,2024-01-10 11:51:40,2024-01-10,completed,in_store
10003,854,9,2024-01-13 14:06:35,2024-01-13,delivered,mobile
10004,1494,2,2024-01-05 23:14:52,2024-01-05,delivered,in_store
10005,73,14,2024-01-28 03:52:50,2024-01-28,completed,mobile
10006,976,9,2024-01-10 20:25:56,2024-01-10,delivered,online
10007,949,7,2024-01-22 07:28:37,2024-01-22,completed,in_store
10008,903,3,2024-01-12 08:34:19,2024-01-12,completed,mobile
10009,195,5,2024-01-25 07:57:58,2024-01-25,completed,mobile
10010,779,15,2024-01-05 14:13:08,2024-01-05,completed,online
10011,1021,13,2024-01-08 20:25:15,2024-01-08,completed,in_store
10012,358,15,2024-01-29 21:58:08,2024-01-29,completed,in_store
10013,312,3,2024-01-08 06:14:33,2024-01-08,completed,online
10014,302,1,2024-01-19 02:13:03,2024-01-19,completed,in_store
10015,964,2,2024-01-03 02:15:25,2024-01-03,delivered,in_store
10016,870,7,2024-01-06 08:33:59,2024-01-06,delivered,in_store
10017,130,4,2024-01-10 15:47:49,2024-01-10,delivered,in_store
10018,1047,6,2024-01-10 04:23:04,2024-01-10,completed,mobile
10019,1187,1,2024-01-03 00:25:11,2024-01-03,completed,online
10020,232,6,2024-01-14 09:50:58,2024-01-14,completed,in_store
10021,560,5,2024-01-26 06:15:50,2024-01-26,delivered,online
10022,1394,10,2024-01-03 18:40:45,2024-01-03,delivered,mobile
10023,526,4,2024-01-18 11:29:42,2024-01-18,delivered,online
10024,768,12,2024-01-02 13:38:10,2024-01-02,completed,online
10025,675,1,2024-01-05 03:49:05,2024-01-05,delivered,online
10026,827,10,2024-01-06 04:12:54,2024-01-06,cancelled,online
10027,298,8,2024-01-20 05:39:33,2024-01-20,completed,in_store
10028,760,15,2024-01-03 00:07:44,2024-01-03,delivered,in_store
10029,614,6,2024-01-09 00:17:46,2024-01-09,cancelled,in_store
10030,1252,7,2024-01-28 04:17:36,2024-01-28,delivered,online
10031,94,12,2024-01-29 07:22:11,2024-01-29,completed,online
10032,957,15,2024-01-03 17:11:11,2024-01-03,completed,mobile
10033,1104,13,2024-01-11 09:06:00,2024-01-11,delivered,online
10034,1286,7,2024-01-23 01:53:35,2024-01-23,completed,mobile
10035,220,6,2024-01-08 21:53:06,2024-01-08,delivered,mobile
10036,992,7,2024-01-16 05:45:54,2024-01-16,completed,in_store
10037,191,6,2024-01-12 21:12:56,2024-01-12,completed,online
10038,1306,11,2024-01-28 15:59:04,2024-01-28,delivered,in_store
10039,903,1,2024-01-01 17:52:07,2024-01-01,completed,mobile
10040,981,5,2024-01-17 03:14:14,2024-01-17,delivered,in_store
10041,1025,13,2024-01-22 20:25:56,2024-01-22,completed,online
10042,1483,12,2024-01-02 10:27:49,2024-01-02,completed,in_store
10043,1348,12,2024-01-27 17:04:23,2024-01-27,delivered,online
10044,738,11,2024-01-06 08:15:36,2024-01-06,completed,online
10045,447,10,2024-01-20 15:52:19,2024-01-20,completed,mobile
10046,989,13,2024-01-12 03:31:44,2024-01-12,completed,online
10047,1293,15,2024-01-24 07:57:47,2024-01-24,delivered,mobile
10048,320,2,2024-01-10 08:20:43,2024-01-10,cancelled,online
10049,972,11,2024-01-29 06:45:21,2024-01-29,completed,in_store
10050,80,5,2024-01-28 11:45:07,2024-01-28,completed,online
10051,1084,15,2024-01-06 10:05:04,2024-01-06,completed,mobile
10052,696,2,2024-01-22 00:06:30,2024-01-22,completed,in_store
10053,1274,2,2024-01-21 10:03:22,2024-01-21,delivered,in_store
10054,1112,11,2024-01-14 20:07:42,2024-01-14,completed,in_store
10055,705,8,2024-01-15 05:42:42,2024-01-15,completed,mobile
10056,861,11,2024-01-10 12:50:24,2024-01-10,delivered,mobile
10057,1019,2,2024-01-23 04:45:33,2024-01-23,completed,mobile
10058,355,13,2024-01-06 11:54:58,2024-01-06,completed,in_store
10059,1172,2,2024-01-21 08:05:16,2024-01-21,delivered,mobile
10060,591,9,2024-01-25 05:21:29,2024-01-25,completed,in_store
10061,284,14,2024-01-11 18:39:36,2024-01-11,completed,mobile
10062,797,5,2024-01-04 09:12:30,2024-01-04,delivered,in_store
10063,487,9,2024-01-26 07:50:45,2024-01-26,cancelled,mobile
10064,118,11,2024-01-03 22:47:28,2024-01-03,completed,in_store
10065,1066,4,2024-01-30 04:26:57,2024-01-30,completed,online
10066,990,8,2024-01-06 07:02:14,2024-01-06,completed,mobile
10067,1060,5,2024-01-17 12:54:41,2024-01-17,delivered,online
10068,291,14,2024-01-25 23:03:15,2024-01-25,completed,in_store
10069,1007,7,2024-01-07 08:16:55,2024-01-07,cancelled,in_store
10070,62,2,2024-01-16 16:01:14,2024-01-16,completed,in_store
10071,336,3,2024-01-27 03:36:32,2024-01-27,completed,online
10072,1116,12,2024-01-25 11:48:10,2024-01-25,cancelled,online
10073,1347,3,2024-01-21 21:39:44,2024-01-21,completed,in_store
10074,1056,9,2024-01-16 19:33:40,2024-01-16,delivered,online
10075,1355,8,2024-01-16 08:05:12,2024-01-16,delivered,in_store
10076,1389,11,2024-01-28 13:19:46,2024-01-28,completed,online
10077,1473,1,2024-01-09 23:33:36,2024-01-09,completed,mobile
10078,826,6,2024-01-28 20:20:37,2024-01-28,delivered,mobile
10079,424,14,2024-01-15 01:42:48,2024-01-15,cancelled,mobile
10080,569,3,2024-01-10 00:40:54,2024-01-10,delivered,mobile
10081,787,8,2024-01-04 21:07:00,2024-01-04,completed,online
10082,1291,10,2024-01-29 21:59:07,2024-01-29,completed,online
10083,474,10,2024-01-16 00:30:48,2024-01-16,delivered,in_store
10084,142,13,2024-01-02 06:39:03,2024-01-02,completed,online
10085,471,3,2024-01-27 01:35:25,2024-01-27,delivered,online
10086,1,8,2024-01-17 10:05:34,2024-01-17,delivered,in_store
10087,1335,14,2024-01-28 00:15:21,2024-01-28,completed,in_store
10088,164,12,2024-01-15 11:47:22,2024-01-15,completed,in_store
10089,46,4,2024-01-20 21:02:30,2024-01-20,delivered,mobile
10090,1022,4,2024-01-13 12:50:07,2024-01-13,cancelled,in_store
10091,271,2,2024-01-20 15:11:49,2024-01-20,completed,online
10092,335,13,2024-01-28 15:52:43,2024-01-28,completed,in_store
10093,370,14,2024-01-02 07:40:49,2024-01-02,completed,mobile
10094,1301,9,2024-01-27 22:43:58,2024-01-27,completed,mobile
10095,898,2,2024-01-22 23:36:06,2024-01-22,delivered,online
10096,869,6,2024-01-20 19:45:19,2024-01-20,completed,mobile
10097,278,7,2024-01-14 15:27:15,2024-01-14,delivered,online
10098,1302,1,2024-01-23 10:00:18,2024-01-23,cancelled,in_store
10099,431,12,2024-01-19 09:33:16,2024-01-19,delivered,mobile
10100,366,15,2024-01-21 22:42:58,2024-01-21,completed,online
10101,454,6,2024-01-24 03:39:25,2024-01-24,completed,in_store
10102,969,7,2024-01-27 07:23:14,2024-01-27,completed,in_store
10103,957,1,2024-01-29 11:17:38,2024-01-29,completed,in_store
10104,1494,14,2024-01-12 03:28:25,2024-01-12,completed,online
10105,718,1,2024-01-06 09:28:19,2024-01-06,completed,mobile
10106,265,1,2024-01-24 10:51:15,2024-01-24,completed,online
10107,1368,11,2024-01-22 04:03:32,2024-01-22,cancelled,mobile
10108,722,15,2024-01-04 21:35:41,2024-01-04,delivered,in_store
10109,539,8,2024-01-30 23:47:19,2024-01-30,delivered,online
10110,370,10,2024-01-16 01:51:21,2024-01-16,cancelled,in_store
10111,404,1,2024-01-02 04:46:53,2024-01-02,cancelled,mobile
10112,502,10,2024-01-10 05:27:58,2024-01-10,delivered,online
10113,909,14,2024-01-20 02:13:39,2024-01-20,cancelled,online
10114,1265,5,2024-01-24 01:43:31,2024-01-24,delivered,online
10115,398,14,2024-01-16 06:45:57,2024-01-16,completed,online
10116,649,14,2024-01-29 21:44:51,2024-01-29,cancelled,mobile
10117,453,2,2024-01-19 07:36:16,2024-01-19,cancelled,mobile
10118,698,1,2024-01-23 01:53:50,2024-01-23,completed,mobile
10119,1315,15,2024-01-18 22:03:20,2024-01-18,completed,mobile
10120,195,12,2024-01-07 15:42:20,2024-01-07,cancelled,in_store
10121,200,3,2024-01-25 07:52:15,2024-01-25,delivered,online
10122,217,11,2024-01-29 16:11:54,2024-01-29,delivered,in_store
10123,349,15,2024-01-21 11:49:45,2024-01-21,completed,mobile
10124,183,6,2024-01-24 01:58:34,2024-01-24,delivered,mobile
10125,1168,3,2024-01-21 04:34:16,2024-01-21,completed,in_store
10126,1445,3,2024-01-16 01:21:50,2024-01-16,completed,mobile
10127,335,13,2024-01-22 01:23:41,2024-01-22,completed,online
10128,1471,10,2024-01-25 12:45:48,2024-01-25,delivered,online
10129,937,1,2024-01-14 19:56:50,2024-01-14,delivered,mobile
10130,698,14,2024-01-14 00:15:46,2024-01-14,delivered,online
10131,1070,2,2024-01-01 15:25:01,2024-01-01,cancelled,online
10132,290,1,2024-01-19 11:29:44,2024-01-19,completed,mobile
10133,998,3,2024-01-02 15:51:12,2024-01-02,cancelled,mobile
10134,931,5,2024-01-12 14:13:34,2024-01-12,completed,in_store
10135,241,9,2024-01-24 16:23:21,2024-01-24,completed,online
10136,654,14,2024-01-04 16:48:45,2024-01-04,completed,in_store
10137,428,6,2024-01-16 06:32:35,2024-01-16,completed,in_store
10138,300,10,2024-01-18 23:03:22,2024-01-18,completed,online
10139,295,6,2024-01-15 19:34:09,2024-01-15,completed,online
10140,1292,5,2024-01-08 11:29:23,2024-01-08,completed,online
10141,1470,12,2024-01-18 12:29:13,2024-01-18,completed,mobile
10142,1143,10,2024-01-16 15:36:07,2024-01-16,completed,mobile
10143,61,4,2024-01-15 01:21:41,2024-01-15,cancelled,mobile
10144,1477,7,2024-01-24 23:20:23,2024-01-24,completed,mobile
10145,173,14,2024-01-02 16:26:46,2024-01-02,delivered,online
10146,704,10,2024-01-16 17:43:02,2024-01-16,delivered,in_store
10147,962,15,2024-01-07 03:07:20,2024-01-07,delivered,online
10148,399,1,2024-01-18 11:49:22,2024-01-18,delivered,online
10149,876,12,2024-01-03 08:56:10,2024-01-03,completed,online
10150,404,4,2024-01-20 02:48:27,2024-01-20,completed,mobile
10151,116,11,2024-01-05 07:44:03,2024-01-05,delivered,in_store
10152,675,13,2024-01-15 01:52:35,2024-01-15,completed,in_store
10153,1440,3,2024-01-18 10:43:14,2024-01-18,completed,online
10154,877,5,2024-01-02 17:05:32,2024-01-02,delivered,in_store
10155,885,1,2024-01-16 22:40:49,2024-01-16,completed,mobile
10156,420,5,2024-01-18 13:12:55,2024-01-18,delivered,in_store
10157,105,6,2024-01-17 03:10:30,2024-01-17,delivered,online
10158,288,15,2024-01-26 23:52:55,2024-01-26,completed,online
10159,258,5,2024-01-19 12:24:30,2024-01-19,delivered,online
10160,1428,5,2024-01-04 11:35:20,2024-01-04,completed,mobile
10161,643,13,2024-01-03 17:15:57,2024-01-03,completed,in_store
10162,867,8,2024-01-23 00:34:49,2024-01-23,completed,in_store
10163,539,14,2024-01-15 03:58:57,2024-01-15,completed,in_store
10164,816,4,2024-01-05 13:53:42,2024-01-05,completed,mobile
10165,471,9,2024-01-25 18:30:29,2024-01-25,completed,online
10166,753,12,2024-01-27 00:45:24,2024-01-27,delivered,online
10167,653,13,2024-01-16 04:40:10,2024-01-16,completed,online
10168,1072,4,2024-01-21 11:06:27,2024-01-21,completed,in_store
10169,1424,3,2024-01-07 11:36:24,2024-01-07,completed,mobile
10170,1364,14,2024-01-28 21:23:14,2024-01-28,completed,mobile
10171,673,6,2024-01-15 23:51:43,2024-01-15,delivered,in_store
10172,52,10,2024-01-15 01:07:34,2024-01-15,delivered,online
10173,123,14,2024-01-27 04:32:16,2024-01-27,completed,online
10174,852,1,2024-01-29 15:03:55,2024-01-29,delivered,online
10175,528,9,2024-01-06 03:18:34,2024-01-06,completed,in_store
10176,1232,1,2024-01-27 05:56:41,2024-01-27,completed,mobile
10177,1344,14,2024-01-23 15:07:47,2024-01-23,delivered,online
10178,410,10,2024-01-28 15:22:18,2024-01-28,completed,in_store
10179,683,15,2024-01-07 04:37:02,2024-01-07,delivered,online
10180,1335,14,2024-01-04 03:39:32,2024-01-04,completed,online
10181,268,14,2024-01-07 02:56:23,2024-01-07,completed,mobile
10182,1139,4,2024-01-14 16:16:15,2024-01-14,completed,in_store
10183,451,5,2024-01-06 01:23:47,2024-01-06,delivered,online
10184,805,13,2024-01-21 08:18:31,2024-01-21,completed,mobile
10185,91,7,2024-01-01 21:54:23,2024-01-01,completed,in_store
10186,1120,4,2024-01-26 19:32:32,2024-01-26,completed,online
10187,445,9,2024-01-19 11:56:30,2024-01-19,completed,in_store
10188,1049,1,2024-01-12 08:29:10,2024-01-12,delivered,in_store
10189,309,12,2024-01-17 01:45:17,2024-01-17,delivered,mobile
10190,633,9,2024-01-08 17:24:32,2024-01-08,completed,in_store
10191,1322,2,2024-01-19 10:58:05,2024-01-19,delivered,online
10192,1167,10,2024-01-19 03:59:37,2024-01-19,delivered,online
10193,222,3,2024-01-15 15:24:31,2024-01-15,completed,online
10194,1061,5,2024-01-26 12:10:34,2024-01-26,completed,in_store
10195,1273,5,2024-01-05 17:41:14,2024-01-05,delivered,online
10196,209,3,2024-01-29 18:47:31,2024-01-29,completed,online
10197,981,9,2024-01-01 18:03:02,2024-01-01,completed,in_store
10198,758,8,2024-01-06 01:52:21,2024-01-06,completed,online
10199,436,1,2024-01-25 10:51:09,2024-01-25,completed,online
10200,50,2,2024-01-09 14:46:44,2024-01-09,delivered,online
10201,962,5,2024-01-26 13:03:52,2024-01-26,delivered,in_store
10202,742,4,2024-01-02 03:14:26,2024-01-02,delivered,mobile
10203,217,9,2024-01-06 09:31:38,2024-01-06,completed,in_store
10204,1498,3,2024-01-05 06:05:55,2024-01-05,completed,mobile
10205,764,6,2024-01-25 01:35:05,2024-01-25,completed,online
10206,1002,11,2024-01-12 23:53:46,2024-01-12,cancelled,online
10207,193,15,2024-01-21 05:29:18,2024-01-21,completed,mobile
10208,245,7,2024-01-07 19:28:45,2024-01-07,completed,online
10209,879,1,2024-01-29 11:14:30,2024-01-29,completed,online
10210,1348,7,2024-01-02 20:30:18,2024-01-02,delivered,mobile
10211,241,9,2024-01-23 16:44:04,2024-01-23,delivered,mobile
10212,1073,5,2024-01-24 03:16:39,2024-01-24,completed,online
10213,854,14,2024-01-19 02:20:43,2024-01-19,completed,in_store
10214,1198,10,2024-01-21 22:52:03,2024-01-21,delivered,in_store
10215,1276,5,2024-01-09 22:19:31,2024-01-09,delivered,mobile
10216,43,4,2024-01-06 13:10:33,2024-01-06,completed,mobile
10217,44,7,2024-01-29 23:34:44,2024-01-29,completed,in_store
10218,430,6,2024-01-08 19:23:57,2024-01-08,completed,online
10219,1241,3,2024-01-14 03:38:11,2024-01-14,completed,mobile
10220,89,7,2024-01-06 09:39:11,2024-01-06,completed,in_store
10221,975,7,2024-01-11 18:27:56,2024-01-11,completed,in_store
10222,726,2,2024-01-25 16:58:32,2024-01-25,delivered,online
10223,76,3,2024-01-03 06:07:35,2024-01-03,delivered,online
10224,925,15,2024-01-02 02:09:43,2024-01-02,completed,in_store
10225,439,7,2024-01-30 10:00:42,2024-01-30,delivered,in_store
10226,271,7,2024-01-26 14:44:15,2024-01-26,delivered,online
10227,400,2,2024-01-23 23:00:24,2024-01-23,completed,online
10228,644,3,2024-01-19 22:10:21,2024-01-19,completed,mobile
10229,1051,2,2024-01-21 05:20:38,2024-01-21,completed,in_store
10230,450,5,2024-01-20 09:03:36,2024-01-20,completed,online
10231,897,7,2024-01-29 20:33:15,2024-01-29,cancelled,in_store
10232,56,14,2024-01-18 13:50:56,2024-01-18,delivered,online
10233,483,1,2024-01-12 09:58:36,2024-01-12,delivered,in_store
10234,204,3,2024-01-12 03:54:13,2024-01-12,completed,in_store
10235,82,6,2024-01-24 03:50:33,2024-01-24,completed,mobile
10236,345,6,2024-01-11 17:11:06,2024-01-11,completed,mobile
10237,117,5,2024-01-11 12:09:17,2024-01-11,completed,in_store
10238,1278,14,2024-01-29 15:24:50,2024-01-29,completed,mobile
10239,778,1,2024-01-17 03:22:57,2024-01-17,delivered,online
10240,541,11,2024-01-17 12:36:53,2024-01-17,cancelled,in_store
10241,1471,12,2024-01-16 04:45:59,2024-01-16,completed,online
10242,1225,6,2024-01-23 06:19:15,2024-01-23,delivered,mobile
10243,929,9,2024-01-15 18:04:09,2024-01-15,completed,in_store
10244,952,14,2024-01-10 23:22:46,2024-01-10,cancelled,mobile
10245,430,7,2024-01-04 16:23:25,2024-01-04,completed,in_store
10246,37,5,2024-01-25 13:53:17,2024-01-25,delivered,mobile
10247,333,2,2024-01-16 01:35:43,2024-01-16,delivered,online
10248,30,3,2024-01-29 14:36:16,2024-01-29,completed,online
10249,1034,7,2024-01-27 16:01:17,2024-01-27,cancelled,mobile
10250,530,3,2024-01-03 14:18:19,2024-01-03,cancelled,in_store
10251,357,1,2024-01-11 23:19:42,2024-01-11,completed,online
10252,410,4,2024-01-17 05:04:07,2024-01-17,completed,in_store
10253,320,15,2024-01-10 03:24:36,2024-01-10,completed,online
10254,528,5,2024-01-05 11:32:32,2024-01-05,delivered,mobile
10255,1414,15,2024-01-10 23:29:35,2024-01-10,delivered,mobile
10256,1074,3,2024-01-22 06:01:33,2024-01-22,delivered,mobile
10257,1431,14,2024-01-26 15:32:01,2024-01-26,completed,online
10258,859,8,2024-01-08 11:10:10,2024-01-08,delivered,online
10259,67,2,2024-01-24 16:44:58,2024-01-24,delivered,in_store
10260,372,14,2024-01-18 07:10:50,2024-01-18,cancelled,in_store
10261,74,9,2024-01-25 05:30:36,2024-01-25,completed,in_store
10262,1280,2,2024-01-20 09:05:43,2024-01-20,cancelled,mobile
10263,121,1,2024-01-14 09:11:58,2024-01-14,completed,mobile
10264,1428,3,2024-01-19 10:32:37,2024-01-19,completed,online
10265,809,8,2024-01-11 08:43:10,2024-01-11,cancelled,online
10266,1116,13,2024-01-28 10:17:11,2024-01-28,delivered,online
10267,1494,7,2024-01-01 06:10:04,2024-01-01,completed,in_store
10268,1295,3,2024-01-19 04:44:55,2024-01-19,completed,in_store
10269,460,3,2024-01-22 01:17:52,2024-01-22,delivered,in_store
10270,662,7,2024-01-10 13:03:56,2024-01-10,completed,mobile
10271,154,4,2024-01-27 18:11:17,2024-01-27,completed,online
10272,807,2,2024-01-23 12:42:05,2024-01-23,completed,online
10273,1327,15,2024-01-04 06:25:13,2024-01-04,delivered,online
10274,469,15,2024-01-30 03:05:02,2024-01-30,completed,online
10275,365,5,2024-01-01 15:51:55,2024-01-01,completed,mobile
10276,94,8,2024-01-16 10:01:31,2024-01-16,completed,online
10277,1412,2,2024-01-04 04:33:52,2024-01-04,delivered,in_store
10278,700,14,2024-01-19 19:03:25,2024-01-19,cancelled,in_store
10279,454,11,2024-01-09 02:21:21,2024-01-09,completed,online
10280,544,5,2024-01-06 21:14:50,2024-01-06,completed,online
10281,1244,6,2024-01-14 09:47:16,2024-01-14,cancelled,online
10282,603,10,2024-01-28 03:43:42,2024-01-28,delivered,in_store
10283,573,1,2024-01-06 01:12:16,2024-01-06,completed,online
10284,696,4,2024-01-13 00:55:34,2024-01-13,cancelled,mobile
10285,565,4,2024-01-28 12:33:53,2024-01-28,delivered,mobile
10286,71,4,2024-01-13 02:16:09,2024-01-13,completed,online
10287,471,1,2024-01-10 00:59:15,2024-01-10,delivered,online
10288,806,2,2024-01-08 14:36:40,2024-01-08,completed,in_store
10289,1077,7,2024-01-14 06:27:55,2024-01-14,completed,mobile
10290,1299,8,2024-01-20 22:18:12,2024-01-20,delivered,mobile
10291,560,2,2024-01-07 17:19:39,2024-01-07,delivered,mobile
10292,1448,5,2024-01-26 15:49:24,2024-01-26,delivered,online
10293,1277,14,2024-01-14 14:46:36,2024-01-14,completed,mobile
10294,733,4,2024-01-07 13:27:55,2024-01-07,completed,mobile
10295,1155,14,2024-01-30 14:54:10,2024-01-30,completed,online
10296,276,2,2024-01-27 06:58:44,2024-01-27,completed,in_store
10297,562,4,2024-01-08 19:52:08,2024-01-08,completed,mobile
10298,1297,1,2024-01-01 06:40:17,2024-01-01,completed,in_store
10299,425,14,2024-01-02 17:51:44,2024-01-02,cancelled,online
10300,896,5,2024-01-03 06:34:08,2024-01-03,completed,online
10301,217,11,2024-01-01 15:57:28,2024-01-01,completed,mobile
10302,712,2,2024-01-25 04:48:15,2024-01-25,completed,mobile
10303,1438,8,2024-01-15 16:17:33,2024-01-15,completed,mobile
10304,202,2,2024-01-01 09:45:32,2024-01-01,completed,online
10305,1215,3,2024-01-20 15:35:25,2024-01-20,delivered,online
10306,1281,6,2024-01-14 11:19:20,2024-01-14,delivered,in_store
10307,836,13,2024-01-26 23:24:50,2024-01-26,completed,mobile
10308,917,7,2024-01-29 00:21:05,2024-01-29,completed,online
10309,409,8,2024-01-07 11:52:13,2024-01-07,completed,mobile
10310,814,11,2024-01-01 02:10:19,2024-01-01,completed,mobile
10311,486,15,2024-01-17 07:21:49,2024-01-17,completed,in_store
10312,926,2,2024-01-27 11:31:45,2024-01-27,completed,in_store
10313,26,3,2024-01-16 12:59:13,2024-01-16,cancelled,online
10314,692,4,2024-01-16 10:23:44,2024-01-16,completed,in_store
10315,1037,2,2024-01-03 22:40:25,2024-01-03,delivered,mobile
10316,306,13,2024-01-08 13:19:14,2024-01-08,delivered,in_store
10317,1474,8,2024-01-30 22:19:06,2024-01-30,cancelled,online
10318,1468,4,2024-01-12 20:13:03,2024-01-12,delivered,in_store
10319,1145,10,2024-01-10 08:02:57,2024-01-10,completed,mobile
10320,364,3,2024-01-20 06:28:10,2024-01-20,completed,online
10321,1312,11,2024-01-26 13:59:05,2024-01-26,completed,online
10322,1045,7,2024-01-10 02:36:14,2024-01-10,delivered,mobile
10323,410,7,2024-01-19 15:04:13,2024-01-19,delivered,mobile
10324,414,7,2024-01-05 22:28:49,2024-01-05,delivered,mobile
10325,47,6,2024-01-18 11:32:53,2024-01-18,completed,online
10326,1275,10,2024-01-18 00:10:12,2024-01-18,completed,mobile
10327,1227,10,2024-01-13 21:10:21,2024-01-13,completed,in_store
10328,664,7,2024-01-24 13:49:55,2024-01-24,delivered,in_store
10329,62,15,2024-01-25 03:32:37,2024-01-25,completed,mobile
10330,399,12,2024-01-25 08:34:28,2024-01-25,completed,online
10331,1030,14,2024-01-27 09:23:12,2024-01-27,completed,online
10332,455,13,2024-01-22 03:34:47,2024-01-22,completed,in_store
10333,390,9,2024-01-15 15:41:13,2024-01-15,completed,online
10334,229,6,2024-01-29 02:33:45,2024-01-29,completed,mobile
10335,111,8,2024-01-27 11:05:36,2024-01-27,completed,mobile
10336,849,8,2024-01-18 20:27:15,2024-01-18,completed,mobile
10337,252,12,2024-01-22 04:57:27,2024-01-22,completed,online
10338,1111,14,2024-01-11 14:57:09,2024-01-11,delivered,mobile
10339,1133,9,2024-01-25 12:30:00,2024-01-25,delivered,online
10340,1204,8,2024-01-06 07:49:23,2024-01-06,completed,mobile
10341,179,3,2024-01-09 01:46:24,2024-01-09,completed,online
10342,336,12,2024-01-20 20:02:40,2024-01-20,completed,online
10343,453,4,2024-01-28 09:45:25,2024-01-28,completed,mobile
10344,183,9,2024-01-07 09:00:27,2024-01-07,delivered,in_store
10345,192,6,2024-01-01 02:43:27,2024-01-01,delivered,online
10346,835,5,2024-01-02 01:17:17,2024-01-02,cancelled,mobile
10347,1178,14,2024-01-07 19:54:35,2024-01-07,delivered,mobile
10348,443,10,2024-01-18 07:28:42,2024-01-18,delivered,online
10349,1450,5,2024-01-30 00:08:41,2024-01-30,delivered,in_store
10350,341,2,2024-01-18 11:48:41,2024-01-18,delivered,in_store
10351,417,5,2024-01-11 06:00:24,2024-01-11,completed,online
10352,218,13,2024-01-26 06:05:55,2024-01-26,delivered,online
10353,469,12,2024-01-05 16:21:00,2024-01-05,completed,mobile
10354,745,1,2024-01-14 20:59:12,2024-01-14,completed,online
10355,23,13,2024-01-30 13:35:40,2024-01-30,delivered,in_store
10356,472,11,2024-01-14 10:28:45,2024-01-14,completed,mobile
10357,68,12,2024-01-02 17:36:28,2024-01-02,completed,in_store
10358,722,3,2024-01-15 05:09:18,2024-01-15,completed,in_store
10359,185,10,2024-01-17 08:46:20,2024-01-17,completed,mobile
10360,1304,3,2024-01-01 21:50:02,2024-01-01,cancelled,mobile
10361,1327,8,2024-01-15 09:09:18,2024-01-15,completed,mobile
10362,4,14,2024-01-19 00:58:39,2024-01-19,completed,online
10363,81,3,2024-01-20 04:40:16,2024-01-20,delivered,mobile
10364,453,6,2024-01-10 21:47:42,2024-01-10,completed,online
10365,1484,5,2024-01-29 07:10:42,2024-01-29,completed,in_store
10366,108,10,2024-01-18 22:07:14,2024-01-18,completed,online
10367,1351,2,2024-01-04 11:42:53,2024-01-04,delivered,in_store
10368,1464,1,2024-01-25 01:05:19,2024-01-25,cancelled,in_store
10369,160,2,2024-01-27 03:38:04,2024-01-27,delivered,mobile
10370,611,6,2024-01-04 12:27:21,2024-01-04,completed,in_store
10371,19,9,2024-01-29 15:36:37,2024-01-29,completed,online
10372,1096,2,2024-01-17 00:27:09,2024-01-17,completed,mobile
10373,336,7,2024-01-03 13:08:42,2024-01-03,completed,in_store
10374,1486,10,2024-01-13 06:34:16,2024-01-13,completed,in_store
10375,1392,10,2024-01-18 05:46:25,2024-01-18,delivered,mobile
10376,187,1,2024-01-20 04:26:16,2024-01-20,completed,in_store
10377,271,10,2024-01-20 02:46:28,2024-01-20,completed,in_store
10378,594,6,2024-01-19 03:29:40,2024-01-19,completed,mobile
10379,485,9,2024-01-27 21:13:27,2024-01-27,completed,online
10380,501,4,2024-01-30 02:15:02,2024-01-30,completed,online
10381,934,13,2024-01-27 00:31:33,2024-01-27,completed,online
10382,1444,3,2024-01-09 11:37:02,2024-01-09,cancelled,in_store
10383,351,1,2024-01-06 02:26:50,2024-01-06,completed,in_store
10384,389,6,2024-01-12 07:09:40,2024-01-12,delivered,in_store
10385,524,13,2024-01-03 19:47:03,2024-01-03,completed,mobile
10386,1403,12,2024-01-19 13:00:55,2024-01-19,delivered,online
10387,1118,13,2024-01-18 01:22:25,2024-01-18,cancelled,mobile
10388,1470,13,2024-01-13 09:43:45,2024-01-13,cancelled,in_store
10389,878,2,2024-01-01 14:22:57,2024-01-01,cancelled,in_store
10390,730,2,2024-01-28 19:11:49,2024-01-28,completed,mobile
10391,600,9,2024-01-13 17:11:20,2024-01-13,delivered,online
10392,446,11,2024-01-07 07:38:19,2024-01-07,completed,online
10393,926,10,2024-01-25 01:06:58,2024-01-25,completed,in_store
10394,1331,11,2024-01-18 14:32:07,2024-01-18,delivered,in_store
10395,361,1,2024-01-22 10:37:59,2024-01-22,delivered,in_store
10396,291,6,2024-01-21 23:09:35,2024-01-21,completed,mobile
10397,125,4,2024-01-22 20:22:02,2024-01-22,delivered,mobile
10398,1143,2,2024-01-03 15:15:17,2024-01-03,cancelled,online
10399,112,2,2024-01-01 02:12:26,2024-01-01,completed,mobile
10400,921,2,2024-01-11 07:51:08,2024-01-11,delivered,in_store
10401,1027,5,2024-01-05 09:33:52,2024-01-05,delivered,online
10402,1391,6,2024-01-28 10:16:20,2024-01-28,completed,in_store
10403,345,14,2024-01-11 08:44:21,2024-01-11,completed,online
10404,1187,15,2024-01-15 23:28:12,2024-01-15,delivered,mobile
10405,1359,9,2024-01-22 15:51:24,2024-01-22,completed,in_store
10406,138,8,2024-01-23 16:07:14,2024-01-23,completed,mobile
10407,1229,1,2024-01-11 17:09:11,2024-01-11,completed,online
10408,716,10,2024-01-11 11:53:35,2024-01-11,completed,mobile
10409,659,11,2024-01-21 14:13:46,2024-01-21,delivered,mobile
10410,807,7,2024-01-09 12:26:00,2024-01-09,completed,mobile
10411,769,6,2024-01-20 21:32:07,2024-01-20,delivered,online
10412,1237,9,2024-01-26 01:48:29,2024-01-26,completed,online
10413,849,1,2024-01-16 22:25:31,2024-01-16,cancelled,in_store
10414,1188,8,2024-01-26 07:44:15,2024-01-26,completed,mobile
10415,12,4,2024-01-10 09:42:39,2024-01-10,delivered,in_store
10416,781,11,2024-01-09 09:06:44,2024-01-09,cancelled,online
10417,569,14,2024-01-22 04:37:42,2024-01-22,delivered,mobile
10418,368,13,2024-01-29 08:05:23,2024-01-29,cancelled,in_store
10419,598,3,2024-01-13 01:45:10,2024-01-13,delivered,mobile
10420,1068,6,2024-01-01 12:18:17,2024-01-01,delivered,online
10421,297,14,2024-01-03 18:54:35,2024-01-03,cancelled,in_store
10422,594,11,2024-01-27 03:44:00,2024-01-27,completed,mobile
10423,404,2,2024-01-03 07:17:21,2024-01-03,delivered,mobile
10424,1262,11,2024-01-09 18:13:13,2024-01-09,delivered,mobile
10425,636,9,2024-01-26 22:24:52,2024-01-26,completed,in_store
10426,608,14,2024-01-23 05:00:21,2024-01-23,delivered,online
10427,1252,8,2024-01-04 15:17:40,2024-01-04,completed,online
10428,78,13,2024-01-18 10:43:49,2024-01-18,completed,mobile
10429,865,2,2024-01-19 18:25:35,2024-01-19,completed,online
10430,490,3,2024-01-20 23:11:52,2024-01-20,cancelled,mobile
10431,1401,14,2024-01-18 12:22:13,2024-01-18,completed,mobile
10432,1010,8,2024-01-12 01:16:53,2024-01-12,completed,online
10433,1336,2,2024-01-01 14:35:18,2024-01-01,delivered,online
10434,1042,6,2024-01-11 22:29:44,2024-01-11,completed,mobile
10435,525,13,2024-01-29 04:30:06,2024-01-29,delivered,in_store
10436,82,1,2024-01-17 11:00:33,2024-01-17,cancelled,online
10437,123,12,2024-01-01 09:31:31,2024-01-01,completed,mobile
10438,912,3,2024-01-23 22:22:47,2024-01-23,cancelled,in_store
10439,150,5,2024-01-27 00:39:29,2024-01-27,delivered,in_store
10440,1174,3,2024-01-15 00:31:14,2024-01-15,completed,mobile
10441,928,8,2024-01-29 09:43:34,2024-01-29,delivered,online
10442,1409,10,2024-01-14 00:39:58,2024-01-14,completed,mobile
10443,907,7,2024-01-03 18:10:41,2024-01-03,cancelled,online
10444,1492,5,2024-01-26 20:33:01,2024-01-26,delivered,online
10445,1245,8,2024-01-21 11:54:03,2024-01-21,completed,mobile
10446,786,5,2024-01-22 09:13:36,2024-01-22,delivered,in_store
10447,1208,7,2024-01-15 16:16:41,2024-01-15,delivered,online
10448,1171,6,2024-01-12 08:31:22,2024-01-12,completed,online
10449,1285,10,2024-01-24 21:25:23,2024-01-24,completed,mobile
10450,521,8,2024-01-02 08:52:02,2024-01-02,completed,online
10451,395,3,2024-01-14 07:37:59,2024-01-14,cancelled,in_store
10452,857,13,2024-01-07 10:58:02,2024-01-07,completed,online
10453,620,4,2024-01-10 12:57:33,2024-01-10,completed,online
10454,925,12,2024-01-25 05:24:45,2024-01-25,delivered,mobile
10455,451,3,2024-01-08 14:16:17,2024-01-08,completed,in_store
10456,87,14,2024-01-16 03:25:14,2024-01-16,cancelled,in_store
10457,1038,13,2024-01-25 16:54:53,2024-01-25,delivered,in_store
10458,817,7,2024-01-22 17:44:56,2024-01-22,cancelled,in_store
10459,108,6,2024-01-22 00:32:13,2024-01-22,completed,mobile
10460,610,15,2024-01-25 01:49:20,2024-01-25,completed,in_store
10461,1334,6,2024-01-07 15:55:39,2024-01-07,cancelled,online
10462,1157,7,2024-01-11 05:57:26,2024-01-11,completed,mobile
10463,1498,5,2024-01-22 01:20:55,2024-01-22,delivered,mobile
10464,250,11,2024-01-25 07:27:37,2024-01-25,completed,online
10465,407,5,2024-01-27 22:55:42,2024-01-27,completed,in_store
10466,845,5,2024-01-19 19:32:09,2024-01-19,delivered,online
10467,985,9,2024-01-01 15:32:11,2024-01-01,completed,in_store
10468,106,12,2024-01-24 09:40:44,2024-01-24,completed,online
10469,1052,6,2024-01-27 18:38:50,2024-01-27,delivered,in_store
10470,548,1,2024-01-24 05:59:24,2024-01-24,completed,online
10471,11,6,2024-01-04 03:36:51,2024-01-04,cancelled,mobile
10472,302,6,2024-01-22 02:09:51,2024-01-22,completed,online
10473,249,13,2024-01-20 23:25:06,2024-01-20,completed,mobile
10474,61,5,2024-01-25 21:16:19,2024-01-25,completed,online
10475,499,9,2024-01-15 03:06:20,2024-01-15,delivered,mobile
10476,1152,15,2024-01-17 20:38:27,2024-01-17,delivered,online
10477,634,4,2024-01-21 00:28:39,2024-01-21,delivered,mobile
10478,898,13,2024-01-07 09:14:14,2024-01-07,delivered,online
10479,113,3,2024-01-11 06:00:42,2024-01-11,completed,online
10480,401,15,2024-01-15 12:50:37,2024-01-15,completed,in_store
10481,1173,12,2024-01-30 16:17:32,2024-01-30,completed,mobile
10482,585,3,2024-01-19 22:28:09,2024-01-19,completed,online
10483,774,3,2024-01-19 16:58:45,2024-01-19,completed,mobile
10484,1321,3,2024-01-16 10:49:52,2024-01-16,cancelled,mobile
10485,311,4,2024-01-24 04:17:12,2024-01-24,delivered,in_store
10486,535,6,2024-01-01 05:01:20,2024-01-01,completed,online
10487,208,10,2024-01-29 20:15:21,2024-01-29,completed,online
10488,258,12,2024-01-26 23:51:24,2024-01-26,completed,in_store
10489,1313,3,2024-01-24 12:37:29,2024-01-24,delivered,in_store
10490,1119,5,2024-01-13 11:01:28,2024-01-13,delivered,in_store
10491,1050,3,2024-01-02 14:36:31,2024-01-02,completed,online
10492,791,7,2024-01-15 05:19:31,2024-01-15,completed,in_store
10493,427,7,2024-01-28 04:40:59,2024-01-28,completed,mobile
10494,82,15,2024-01-23 07:10:21,2024-01-23,cancelled,in_store
10495,976,8,2024-01-08 03:09:21,2024-01-08,delivered,online
10496,1453,9,2024-01-13 22:07:58,2024-01-13,delivered,in_store
10497,942,3,2024-01-11 19:58:56,2024-01-11,completed,in_store
10498,694,9,2024-01-05 00:28:43,2024-01-05,completed,online
10499,578,15,2024-01-03 01:14:49,2024-01-03,delivered,in_store
10500,491,11,2024-01-23 23:09:31,2024-01-23,completed,mobile
10501,69,5,2024-01-25 18:48:44,2024-01-25,completed,mobile
10502,489,2,2024-01-27 12:30:53,2024-01-27,completed,online
10503,1189,6,2024-01-14 13:51:00,2024-01-14,completed,online
10504,1156,6,2024-01-02 03:25:30,2024-01-02,completed,in_store
10505,770,10,2024-01-26 03:06:12,2024-01-26,completed,mobile
10506,1081,12,2024-01-29 17:34:15,2024-01-29,delivered,in_store
10507,996,4,2024-01-19 16:26:52,2024-01-19,completed,mobile
10508,1276,4,2024-01-11 11:52:56,2024-01-11,delivered,in_store
10509,1026,1,2024-01-20 17:41:33,2024-01-20,completed,mobile
10510,908,11,2024-01-09 08:51:45,2024-01-09,delivered,mobile
10511,1058,8,2024-01-30 20:34:34,2024-01-30,delivered,mobile
10512,1025,12,2024-01-11 15:18:40,2024-01-11,completed,online
10513,1063,8,2024-01-02 18:45:10,2024-01-02,cancelled,in_store
10514,256,4,2024-01-09 23:35:31,2024-01-09,completed,in_store
10515,25,13,2024-01-07 10:52:01,2024-01-07,completed,mobile
10516,650,8,2024-01-21 18:11:24,2024-01-21,completed,mobile
10517,152,6,2024-01-17 13:27:56,2024-01-17,delivered,in_store
10518,1321,4,2024-01-23 04:46:18,2024-01-23,delivered,online
10519,36,8,2024-01-21 07:06:10,2024-01-21,completed,in_store
10520,312,15,2024-01-22 00:18:06,2024-01-22,delivered,online
10521,638,15,2024-01-24 09:29:27,2024-01-24,delivered,online
10522,821,12,2024-01-22 10:01:48,2024-01-22,delivered,online
10523,615,14,2024-01-11 15:27:51,2024-01-11,completed,in_store
10524,879,11,2024-01-22 11:03:34,2024-01-22,completed,mobile
10525,1095,9,2024-01-28 03:44:43,2024-01-28,delivered,online
10526,1473,14,2024-01-10 18:21:08,2024-01-10,delivered,in_store
10527,159,5,2024-01-06 03:03:36,2024-01-06,completed,mobile
10528,1432,9,2024-01-26 01:05:50,2024-01-26,completed,online
10529,31,4,2024-01-08 17:37:18,2024-01-08,completed,in_store
10530,1398,7,2024-01-29 05:36:56,2024-01-29,completed,online
10531,822,15,2024-01-28 06:38:21,2024-01-28,completed,in_store
10532,901,4,2024-01-27 03:39:39,2024-01-27,completed,online
10533,1473,14,2024-01-05 04:54:22,2024-01-05,completed,mobile
10534,1042,2,2024-01-07 23:40:19,2024-01-07,delivered,online
10535,128,9,2024-01-06 03:02:17,2024-01-06,completed,online
10536,420,3,2024-01-27 20:54:57,2024-01-27,cancelled,mobile
10537,687,13,2024-01-05 11:40:37,2024-01-05,delivered,in_store
10538,400,14,2024-01-27 08:09:13,2024-01-27,completed,mobile
10539,833,12,2024-01-17 00:04:16,2024-01-17,completed,in_store
10540,1233,11,2024-01-16 00:39:08,2024-01-16,completed,online
10541,348,12,2024-01-27 21:44:45,2024-01-27,completed,in_store
10542,570,2,2024-01-21 18:36:38,2024-01-21,completed,mobile
10543,1305,11,2024-01-22 16:57:08,2024-01-22,delivered,mobile
10544,896,9,2024-01-16 19:14:40,2024-01-16,completed,mobile
10545,600,7,2024-01-20 20:51:19,2024-01-20,completed,in_store
10546,727,14,2024-01-15 22:46:56,2024-01-15,delivered,online
10547,150,10,2024-01-06 04:21:41,2024-01-06,completed,mobile
10548,1135,2,2024-01-11 05:34:57,2024-01-11,completed,online
10549,786,9,2024-01-21 07:01:49,2024-01-21,completed,online
10550,310,6,2024-01-03 04:59:23,2024-01-03,cancelled,mobile
10551,680,15,2024-01-04 05:11:58,2024-01-04,completed,mobile
10552,640,13,2024-01-23 06:49:37,2024-01-23,completed,online
10553,643,2,2024-01-18 19:20:13,2024-01-18,delivered,mobile
10554,1059,9,2024-01-26 04:59:27,2024-01-26,delivered,in_store
10555,261,14,2024-01-20 03:38:56,2024-01-20,completed,mobile
10556,125,1,2024-01-04 00:46:16,2024-01-04,cancelled,online
10557,23,8,2024-01-11 08:59:52,2024-01-11,completed,in_store
10558,324,3,2024-01-29 16:56:23,2024-01-29,completed,online
10559,785,7,2024-01-09 16:20:10,2024-01-09,completed,mobile
10560,175,4,2024-01-18 12:43:10,2024-01-18,completed,mobile
10561,471,8,2024-01-21 14:59:39,2024-01-21,delivered,mobile
10562,496,10,2024-01-14 21:33:25,2024-01-14,cancelled,mobile
10563,736,1,2024-01-09 20:40:06,2024-01-09,completed,in_store
10564,996,11,2024-01-15 13:04:52,2024-01-15,delivered,in_store
10565,198,9,2024-01-09 06:09:41,2024-01-09,delivered,mobile
10566,625,9,2024-01-01 09:34:25,2024-01-01,delivered,in_store
10567,457,2,2024-01-20 23:20:17,2024-01-20,completed,online
10568,1105,5,2024-01-05 17:24:42,2024-01-05,completed,in_store
10569,1319,14,2024-01-26 14:28:34,2024-01-26,completed,in_store
10570,15,7,2024-01-08 16:30:48,2024-01-08,completed,online
10571,860,11,2024-01-23 07:24:34,2024-01-23,delivered,mobile
10572,331,13,2024-01-06 13:56:51,2024-01-06,completed,mobile
10573,1371,12,2024-01-19 17:05:31,2024-01-19,completed,mobile
10574,676,9,2024-01-04 19:25:48,2024-01-04,cancelled,in_store
10575,1352,12,2024-01-10 16:19:55,2024-01-10,cancelled,in_store
10576,1180,5,2024-01-07 05:08:52,2024-01-07,delivered,mobile
10577,1351,15,2024-01-18 03:48:39,2024-01-18,completed,mobile
10578,303,4,2024-01-26 23:35:30,2024-01-26,delivered,mobile
10579,398,4,2024-01-23 19:36:16,2024-01-23,cancelled,online
10580,219,15,2024-01-06 17:29:04,2024-01-06,completed,mobile
10581,113,4,2024-01-08 16:49:58,2024-01-08,completed,mobile
10582,1451,10,2024-01-02 20:46:53,2024-01-02,cancelled,online
10583,750,14,2024-01-29 12:13:56,2024-01-29,completed,in_store
10584,202,11,2024-01-14 07:16:28,2024-01-14,completed,online
10585,1435,11,2024-01-18 17:16:54,2024-01-18,delivered,online
10586,110,15,2024-01-03 06:21:42,2024-01-03,completed,mobile
10587,297,8,2024-01-14 07:33:43,2024-01-14,cancelled,mobile
10588,966,15,2024-01-11 18:53:29,2024-01-11,completed,mobile
10589,363,5,2024-01-08 02:58:46,2024-01-08,delivered,mobile
10590,1323,3,2024-01-21 11:34:15,2024-01-21,delivered,mobile
10591,1236,11,2024-01-01 16:41:49,2024-01-01,cancelled,mobile
10592,1299,7,2024-01-03 06:17:19,2024-01-03,delivered,online
10593,134,6,2024-01-15 10:46:28,2024-01-15,completed,in_store
10594,505,11,2024-01-02 16:02:27,2024-01-02,delivered,online
10595,181,7,2024-01-12 15:24:46,2024-01-12,completed,mobile
10596,482,2,2024-01-10 04:45:06,2024-01-10,completed,in_store
10597,486,7,2024-01-22 15:59:33,2024-01-22,delivered,online
10598,592,4,2024-01-12 14:13:35,2024-01-12,completed,mobile
10599,525,1,2024-01-08 14:26:46,2024-01-08,completed,online
10600,782,15,2024-01-28 21:21:29,2024-01-28,completed,online
10601,382,13,2024-01-24 14:24:23,2024-01-24,completed,mobile
10602,1247,7,2024-01-20 23:56:13,2024-01-20,delivered,mobile
10603,123,3,2024-01-07 20:44:25,2024-01-07,cancelled,in_store
10604,708,12,2024-01-02 00:04:33,2024-01-02,delivered,online
10605,822,5,2024-01-23 09:22:25,2024-01-23,delivered,online
10606,752,13,2024-01-02 21:55:15,2024-01-02,completed,in_store
10607,845,5,2024-01-26 08:34:52,2024-01-26,completed,in_store
10608,1283,9,2024-01-24 09:29:30,2024-01-24,completed,in_store
10609,557,12,2024-01-08 03:51:45,2024-01-08,delivered,online
10610,224,2,2024-01-15 07:58:35,2024-01-15,completed,online
10611,1289,15,2024-01-26 23:02:21,2024-01-26,completed,in_store
10612,632,2,2024-01-04 10:36:27,2024-01-04,cancelled,in_store
10613,926,5,2024-01-27 07:55:57,2024-01-27,delivered,online
10614,963,12,2024-01-23 09:17:06,2024-01-23,delivered,in_store
10615,507,5,2024-01-19 08:38:53,2024-01-19,delivered,online
10616,1479,10,2024-01-13 09:22:10,2024-01-13,cancelled,in_store
10617,381,8,2024-01-24 08:26:09,2024-01-24,completed,online
10618,734,11,2024-01-06 04:52:48,2024-01-06,completed,mobile
10619,21,8,2024-01-06 01:56:08,2024-01-06,completed,mobile
10620,1323,8,2024-01-24 23:13:15,2024-01-24,completed,mobile
10621,952,8,2024-01-23 19:56:47,2024-01-23,delivered,mobile
10622,1199,14,2024-01-25 11:24:34,2024-01-25,delivered,in_store
10623,693,14,2024-01-08 09:49:45,2024-01-08,completed,in_store
10624,1055,2,2024-01-12 12:22:56,2024-01-12,delivered,mobile
10625,1457,3,2024-01-20 16:25:52,2024-01-20,completed,mobile
10626,931,7,2024-01-08 10:44:58,2024-01-08,delivered,in_store
10627,372,2,2024-01-24 12:25:09,2024-01-24,delivered,in_store
10628,346,8,2024-01-30 02:31:38,2024-01-30,completed,online
10629,657,12,2024-01-10 16:25:55,2024-01-10,completed,in_store
10630,939,8,2024-01-03 06:53:49,2024-01-03,completed,in_store
10631,392,5,2024-01-27 11:55:40,2024-01-27,delivered,online
10632,433,5,2024-01-13 02:16:43,2024-01-13,completed,online
10633,9,13,2024-01-26 11:21:50,2024-01-26,delivered,mobile
10634,1153,15,2024-01-13 05:37:19,2024-01-13,delivered,mobile
10635,1444,4,2024-01-16 17:45:43,2024-01-16,completed,online
10636,1149,10,2024-01-16 02:05:11,2024-01-16,delivered,mobile
10637,58,3,2024-01-09 16:21:53,2024-01-09,delivered,in_store
10638,1389,9,2024-01-13 06:30:00,2024-01-13,delivered,online
10639,699,6,2024-01-23 18:04:37,2024-01-23,completed,mobile
10640,1000,5,2024-01-23 22:07:44,2024-01-23,delivered,online
10641,149,8,2024-01-21 00:42:35,2024-01-21,completed,mobile
10642,1346,11,2024-01-12 19:25:29,2024-01-12,completed,in_store
10643,269,11,2024-01-11 08:45:47,2024-01-11,completed,mobile
10644,20,9,2024-01-10 13:54:52,2024-01-10,completed,in_store
10645,615,7,2024-01-26 06:14:05,2024-01-26,completed,online
10646,964,7,2024-01-22 04:34:02,2024-01-22,completed,mobile
10647,302,15,2024-01-16 21:01:27,2024-01-16,cancelled,in_store
10648,1089,2,2024-01-07 17:00:56,2024-01-07,completed,in_store
10649,696,13,2024-01-27 19:11:42,2024-01-27,delivered,mobile
10650,680,10,2024-01-13 20:52:00,2024-01-13,delivered,online
10651,1230,15,2024-01-11 06:54:07,2024-01-11,completed,mobile
10652,1345,13,2024-01-16 12:36:34,2024-01-16,completed,mobile
10653,197,6,2024-01-16 14:37:11,2024-01-16,cancelled,in_store
10654,256,5,2024-01-17 04:36:54,2024-01-17,cancelled,mobile
10655,84,1,2024-01-17 00:08:03,2024-01-17,completed,mobile
10656,1471,9,2024-01-23 17:11:30,2024-01-23,delivered,in_store
10657,1083,8,2024-01-12 03:10:29,2024-01-12,completed,online
10658,922,6,2024-01-09 22:25:55,2024-01-09,completed,online
10659,584,15,2024-01-13 05:41:56,2024-01-13,delivered,online
10660,234,11,2024-01-15 00:48:58,2024-01-15,delivered,online
10661,1144,15,2024-01-21 09:34:26,2024-01-21,delivered,in_store
10662,1033,14,2024-01-02 17:02:57,2024-01-02,delivered,in_store
10663,118,11,2024-01-22 06:34:22,2024-01-22,delivered,online
10664,1462,9,2024-01-28 08:47:02,2024-01-28,completed,online
10665,1383,15,2024-01-02 20:21:45,2024-01-02,completed,in_store
10666,482,15,2024-01-03 21:43:04,2024-01-03,completed,online
10667,150,5,2024-01-23 23:21:16,2024-01-23,completed,in_store
10668,1216,2,2024-01-11 07:47:59,2024-01-11,completed,mobile
10669,410,8,2024-01-27 09:36:05,2024-01-27,delivered,mobile
10670,636,11,2024-01-03 03:10:53,2024-01-03,completed,online
10671,804,15,2024-01-01 23:25:33,2024-01-01,completed,in_store
10672,13,4,2024-01-01 14:45:53,2024-01-01,completed,online
10673,608,15,2024-01-19 22:19:52,2024-01-19,completed,mobile
10674,1102,1,2024-01-09 18:50:52,2024-01-09,completed,mobile
10675,163,11,2024-01-04 22:58:04,2024-01-04,completed,in_store
10676,1183,10,2024-01-03 04:03:02,2024-01-03,completed,mobile
10677,602,13,2024-01-03 19:08:10,2024-01-03,delivered,mobile
10678,1115,1,2024-01-22 03:27:47,2024-01-22,completed,mobile
10679,416,13,2024-01-17 16:39:07,2024-01-17,cancelled,online
10680,1252,1,2024-01-19 08:40:41,2024-01-19,delivered,in_store
10681,893,4,2024-01-01 12:57:03,2024-01-01,delivered,online
10682,293,10,2024-01-25 14:46:07,2024-01-25,delivered,online
10683,680,4,2024-01-20 17:11:05,2024-01-20,completed,mobile
10684,156,3,2024-01-20 09:40:07,2024-01-20,completed,in_store
10685,200,5,2024-01-01 06:25:02,2024-01-01,completed,in_store
10686,16,7,2024-01-04 05:16:14,2024-01-04,delivered,online
10687,587,9,2024-01-21 01:32:41,2024-01-21,cancelled,mobile
10688,999,4,2024-01-05 18:08:50,2024-01-05,completed,online
10689,571,10,2024-01-03 14:47:13,2024-01-03,completed,in_store
10690,281,3,2024-01-16 17:39:31,2024-01-16,completed,in_store
10691,1108,1,2024-01-15 15:13:09,2024-01-15,delivered,in_store
10692,1314,2,2024-01-18 12:58:20,2024-01-18,cancelled,online
10693,43,11,2024-01-15 03:32:17,2024-01-15,delivered,in_store
10694,1176,1,2024-01-01 17:44:43,2024-01-01,delivered,online
10695,754,1,2024-01-03 01:56:59,2024-01-03,completed,mobile
10696,1290,4,2024-01-02 13:55:01,2024-01-02,completed,in_store
10697,1042,10,2024-01-01 06:20:54,2024-01-01,completed,online
10698,812,5,2024-01-13 22:31:39,2024-01-13,delivered,in_store
10699,1401,6,2024-01-07 09:01:50,2024-01-07,completed,in_store
10700,344,9,2024-01-26 12:59:13,2024-01-26,delivered,online
10701,1274,3,2024-01-25 15:55:05,2024-01-25,delivered,in_store
10702,123,9,2024-01-09 17:16:04,2024-01-09,delivered,in_store
10703,1327,6,2024-01-28 04:10:51,2024-01-28,completed,in_store
10704,1355,14,2024-01-12 01:22:24,2024-01-12,completed,in_store
10705,942,7,2024-01-08 13:42:41,2024-01-08,delivered,online
10706,1446,8,2024-01-23 16:26:12,2024-01-23,completed,online
10707,708,11,2024-01-30 13:32:33,2024-01-30,completed,in_store
10708,261,14,2024-01-13 04:12:25,2024-01-13,delivered,mobile
10709,376,8,2024-01-18 02:58:31,2024-01-18,completed,online
10710,184,11,2024-01-16 03:30:26,2024-01-16,delivered,mobile
10711,550,4,2024-01-26 10:18:24,2024-01-26,delivered,online
10712,1430,12,2024-01-05 16:45:46,2024-01-05,delivered,in_store
10713,132,8,2024-01-19 08:37:47,2024-01-19,delivered,online
10714,1176,4,2024-01-16 11:49:35,2024-01-16,completed,mobile
10715,488,10,2024-01-01 10:37:21,2024-01-01,completed,mobile
10716,38,1,2024-01-29 14:09:04,2024-01-29,completed,mobile
10717,728,12,2024-01-09 02:43:18,2024-01-09,cancelled,mobile
10718,699,2,2024-01-28 22:15:05,2024-01-28,completed,in_store
10719,1236,4,2024-01-22 07:59:48,2024-01-22,completed,mobile
10720,640,5,2024-01-09 23:02:21,2024-01-09,delivered,in_store
10721,975,10,2024-01-07 20:56:55,2024-01-07,completed,in_store
10722,878,10,2024-01-09 17:13:37,2024-01-09,delivered,in_store
10723,1264,10,2024-01-05 08:22:25,2024-01-05,cancelled,mobile
10724,274,2,2024-01-14 05:36:59,2024-01-14,completed,in_store
10725,1015,1,2024-01-24 11:05:11,2024-01-24,cancelled,mobile
10726,5,9,2024-01-21 22:58:22,2024-01-21,completed,online
10727,82,7,2024-01-08 10:38:05,2024-01-08,completed,online
10728,841,14,2024-01-17 23:06:17,2024-01-17,delivered,mobile
10729,1216,2,2024-01-06 13:58:43,2024-01-06,cancelled,in_store
10730,527,7,2024-01-19 08:47:58,2024-01-19,completed,in_store
10731,1266,4,2024-01-19 22:58:21,2024-01-19,cancelled,in_store
10732,238,4,2024-01-20 14:51:57,2024-01-20,delivered,online
10733,425,9,2024-01-03 04:16:08,2024-01-03,completed,online
10734,561,15,2024-01-23 14:36:53,2024-01-23,delivered,in_store
10735,436,9,2024-01-04 11:05:33,2024-01-04,completed,online
10736,619,12,2024-01-19 16:09:03,2024-01-19,delivered,mobile
10737,1309,6,2024-01-26 14:29:10,2024-01-26,completed,in_store
10738,1409,10,2024-01-28 01:40:10,2024-01-28,delivered,mobile
10739,1016,14,2024-01-03 22:48:45,2024-01-03,completed,mobile
10740,349,1,2024-01-08 03:16:49,2024-01-08,completed,mobile
10741,978,9,2024-01-16 13:09:13,2024-01-16,completed,mobile
10742,711,6,2024-01-24 19:59:25,2024-01-24,completed,online
10743,814,7,2024-01-01 13:17:53,2024-01-01,completed,mobile
10744,1444,4,2024-01-27 07:03:10,2024-01-27,completed,online
10745,771,3,2024-01-19 20:11:17,2024-01-19,cancelled,in_store
10746,146,13,2024-01-22 13:06:34,2024-01-22,delivered,mobile
10747,937,1,2024-01-05 16:37:14,2024-01-05,completed,online
10748,819,9,2024-01-25 18:34:02,2024-01-25,completed,mobile
10749,364,11,2024-01-18 14:36:23,2024-01-18,cancelled,online
10750,1295,11,2024-01-17 18:13:54,2024-01-17,completed,mobile
10751,629,8,2024-01-26 03:16:54,2024-01-26,completed,online
10752,1238,9,2024-01-05 15:14:12,2024-01-05,delivered,in_store
10753,12,11,2024-01-16 09:28:39,2024-01-16,completed,online
10754,626,10,2024-01-26 13:09:00,2024-01-26,cancelled,online
10755,1229,11,2024-01-09 13:10:58,2024-01-09,completed,online
10756,858,12,2024-01-04 10:30:35,2024-01-04,completed,in_store
10757,1159,10,2024-01-17 11:53:21,2024-01-17,delivered,online
10758,1194,13,2024-01-16 21:48:45,2024-01-16,completed,in_store
10759,1294,6,2024-01-02 12:13:59,2024-01-02,completed,mobile
10760,501,5,2024-01-03 13:10:32,2024-01-03,delivered,online
10761,300,11,2024-01-23 16:45:01,2024-01-23,delivered,in_store
10762,1273,2,2024-01-13 23:11:40,2024-01-13,delivered,online
10763,956,3,2024-01-18 21:27:30,2024-01-18,completed,mobile
10764,520,13,2024-01-27 08:20:20,2024-01-27,delivered,mobile
10765,478,9,2024-01-19 01:19:04,2024-01-19,completed,online
10766,1194,5,2024-01-18 00:57:00,2024-01-18,completed,online
10767,990,3,2024-01-14 08:22:26,2024-01-14,completed,mobile
10768,523,7,2024-01-04 09:11:11,2024-01-04,cancelled,in_store
10769,167,15,2024-01-13 16:19:59,2024-01-13,delivered,mobile
10770,183,10,2024-01-25 02:21:16,2024-01-25,delivered,mobile
10771,248,7,2024-01-02 14:54:10,2024-01-02,delivered,in_store
10772,237,13,2024-01-17 12:26:39,2024-01-17,completed,in_store
10773,1291,9,2024-01-04 08:44:06,2024-01-04,completed,in_store
10774,329,2,2024-01-20 09:30:55,2024-01-20,completed,in_store
10775,1452,11,2024-01-09 23:58:41,2024-01-09,completed,online
10776,578,13,2024-01-14 09:19:56,2024-01-14,delivered,online
10777,1120,13,2024-01-12 02:37:18,2024-01-12,delivered,online
10778,1177,10,2024-01-16 01:30:51,2024-01-16,completed,online
10779,460,15,2024-01-01 07:35:37,2024-01-01,cancelled,mobile
10780,1413,4,2024-01-27 22:27:29,2024-01-27,completed,in_store
10781,623,7,2024-01-17 05:18:47,2024-01-17,cancelled,online
10782,1491,14,2024-01-14 06:33:56,2024-01-14,delivered,mobile
10783,333,12,2024-01-25 14:24:18,2024-01-25,delivered,mobile
10784,1498,12,2024-01-01 12:19:47,2024-01-01,completed,mobile
10785,850,13,2024-01-16 11:23:18,2024-01-16,delivered,in_store
10786,1320,3,2024-01-09 00:25:29,2024-01-09,cancelled,online
10787,50,1,2024-01-19 00:52:41,2024-01-19,delivered,in_store
10788,444,12,2024-01-24 19:25:35,2024-01-24,completed,in_store
10789,11,10,2024-01-29 16:45:08,2024-01-29,completed,online
10790,1395,13,2024-01-07 00:59:43,2024-01-07,delivered,mobile
10791,441,9,2024-01-12 19:31:26,2024-01-12,delivered,mobile
10792,886,6,2024-01-24 19:24:24,2024-01-24,delivered,online
10793,1076,3,2024-01-04 07:13:51,2024-01-04,completed,in_store
10794,301,9,2024-01-11 11:10:56,2024-01-11,delivered,mobile
10795,375,8,2024-01-24 18:23:08,2024-01-24,delivered,in_store
10796,794,15,2024-01-20 10:39:11,2024-01-20,delivered,online
10797,548,3,2024-01-01 23:26:25,2024-01-01,completed,mobile
10798,134,4,2024-01-06 17:39:44,2024-01-06,completed,online
10799,1022,6,2024-01-10 15:29:32,2024-01-10,cancelled,mobile
10800,368,2,2024-01-26 05:41:21,2024-01-26,delivered,in_store
10801,82,1,2024-01-03 15:40:22,2024-01-03,completed,mobile
10802,158,3,2024-01-18 00:18:57,2024-01-18,completed,in_store
10803,790,1,2024-01-11 10:45:14,2024-01-11,completed,online
10804,660,1,2024-01-02 05:14:58,2024-01-02,completed,mobile
10805,528,11,2024-01-02 15:30:43,2024-01-02,completed,online
10806,1193,3,2024-01-05 17:24:16,2024-01-05,completed,in_store
10807,701,8,2024-01-17 14:36:06,2024-01-17,completed,mobile
10808,335,15,2024-01-15 19:47:34,2024-01-15,completed,online
10809,660,14,2024-01-12 01:44:01,2024-01-12,cancelled,in_store
10810,1186,5,2024-01-06 23:23:15,2024-01-06,delivered,in_store
10811,1461,6,2024-01-27 22:06:42,2024-01-27,delivered,mobile
10812,370,10,2024-01-02 04:07:29,2024-01-02,cancelled,online
10813,264,9,2024-01-09 06:25:21,2024-01-09,delivered,online
10814,787,14,2024-01-12 14:52:26,2024-01-12,completed,mobile
10815,1415,4,2024-01-11 09:51:55,2024-01-11,completed,online
10816,881,11,2024-01-01 00:39:24,2024-01-01,delivered,mobile
10817,207,14,2024-01-09 17:36:23,2024-01-09,completed,online
10818,1025,1,2024-01-06 22:13:23,2024-01-06,delivered,mobile
10819,379,10,2024-01-18 14:01:03,2024-01-18,completed,in_store
10820,1377,8,2024-01-20 05:35:18,2024-01-20,completed,online
10821,1014,11,2024-01-27 03:20:28,2024-01-27,delivered,in_store
10822,971,2,2024-01-15 22:11:53,2024-01-15,completed,mobile
10823,13,7,2024-01-21 03:02:02,2024-01-21,cancelled,in_store
10824,1437,8,2024-01-22 20:35:59,2024-01-22,completed,in_store
10825,811,8,2024-01-12 00:28:34,2024-01-12,completed,in_store
10826,1035,5,2024-01-14 06:46:22,2024-01-14,completed,mobile
10827,308,5,2024-01-27 01:15:33,2024-01-27,completed,in_store
10828,1144,4,2024-01-25 13:19:00,2024-01-25,completed,mobile
10829,11,12,2024-01-09 20:51:20,2024-01-09,cancelled,online
10830,1007,8,2024-01-21 12:22:12,2024-01-21,completed,in_store
10831,258,5,2024-01-29 21:23:28,2024-01-29,completed,online
10832,1224,2,2024-01-27 18:56:50,2024-01-27,delivered,mobile
10833,1061,13,2024-01-08 07:30:34,2024-01-08,cancelled,mobile
10834,502,4,2024-01-12 20:43:49,2024-01-12,delivered,in_store
10835,1285,14,2024-01-01 12:14:55,2024-01-01,completed,online
10836,541,7,2024-01-25 21:01:10,2024-01-25,completed,online
10837,947,12,2024-01-19 09:47:44,2024-01-19,completed,mobile
10838,755,5,2024-01-21 02:59:13,2024-01-21,delivered,mobile
10839,454,11,2024-01-12 23:35:54,2024-01-12,completed,mobile
10840,664,4,2024-01-03 00:24:40,2024-01-03,completed,mobile
10841,569,1,2024-01-12 15:37:34,2024-01-12,completed,online
10842,590,15,2024-01-28 05:12:39,2024-01-28,completed,in_store
10843,816,2,2024-01-11 05:53:32,2024-01-11,delivered,in_store
10844,579,2,2024-01-11 00:23:44,2024-01-11,completed,mobile
10845,959,13,2024-01-01 02:12:51,2024-01-01,cancelled,in_store
10846,186,9,2024-01-07 15:24:15,2024-01-07,delivered,mobile
10847,690,3,2024-01-10 07:35:54,2024-01-10,completed,online
10848,567,9,2024-01-06 14:44:18,2024-01-06,cancelled,mobile
10849,769,14,2024-01-02 15:14:44,2024-01-02,completed,in_store
10850,1213,14,2024-01-10 03:15:23,2024-01-10,delivered,mobile
10851,894,5,2024-01-16 21:45:56,2024-01-16,delivered,online
10852,468,9,2024-01-17 00:40:56,2024-01-17,completed,online
10853,1425,5,2024-01-23 16:44:14,2024-01-23,completed,in_store
10854,816,7,2024-01-06 01:21:43,2024-01-06,completed,in_store
10855,1440,4,2024-01-02 05:56:13,2024-01-02,delivered,in_store
10856,1365,14,2024-01-20 16:18:03,2024-01-20,delivered,in_store
10857,1446,11,2024-01-27 00:08:58,2024-01-27,delivered,mobile
10858,314,8,2024-01-18 11:28:53,2024-01-18,completed,online
10859,586,12,2024-01-08 16:09:17,2024-01-08,delivered,in_store
10860,326,12,2024-01-05 23:40:41,2024-01-05,delivered,mobile
10861,969,6,2024-01-12 00:28:36,2024-01-12,completed,mobile
10862,1342,13,2024-01-17 16:28:16,2024-01-17,completed,in_store
10863,480,12,2024-01-10 01:36:36,2024-01-10,delivered,mobile
10864,712,15,2024-01-09 20:24:16,2024-01-09,delivered,online
10865,17,15,2024-01-02 21:59:23,2024-01-02,cancelled,online
10866,1446,7,2024-01-12 16:44:36,2024-01-12,completed,in_store
10867,439,13,2024-01-06 03:28:02,2024-01-06,completed,in_store
10868,919,3,2024-01-18 14:45:58,2024-01-18,completed,mobile
10869,254,11,2024-01-23 11:59:48,2024-01-23,completed,online
10870,136,4,2024-01-06 14:11:14,2024-01-06,delivered,mobile
10871,638,2,2024-01-22 22:39:04,2024-01-22,delivered,in_store
10872,634,10,2024-01-05 13:59:47,2024-01-05,completed,online
10873,1238,4,2024-01-03 12:31:50,2024-01-03,cancelled,in_store
10874,864,3,2024-01-08 21:11:47,2024-01-08,delivered,in_store
10875,1278,15,2024-01-26 13:49:30,2024-01-26,cancelled,in_store
10876,632,14,2024-01-29 17:35:34,2024-01-29,delivered,in_store
10877,1382,5,2024-01-16 17:46:54,2024-01-16,delivered,mobile
10878,392,13,2024-01-19 14:23:22,2024-01-19,completed,online
10879,71,8,2024-01-09 12:21:00,2024-01-09,completed,mobile
10880,92,12,2024-01-15 13:33:53,2024-01-15,completed,mobile
10881,1074,3,2024-01-16 03:19:00,2024-01-16,completed,online
10882,501,3,2024-01-25 09:16:35,2024-01-25,delivered,mobile
10883,830,6,2024-01-24 14:02:46,2024-01-24,delivered,online
10884,924,15,2024-01-05 06:03:04,2024-01-05,cancelled,in_store
10885,539,5,2024-01-20 05:20:20,2024-01-20,completed,mobile
10886,231,14,2024-01-18 08:15:46,2024-01-18,cancelled,mobile
10887,569,14,2024-01-07 00:52:27,2024-01-07,delivered,in_store
10888,1490,1,2024-01-07 08:58:15,2024-01-07,completed,in_store
10889,497,4,2024-01-29 23:16:04,2024-01-29,delivered,in_store
10890,1080,3,2024-01-25 19:02:14,2024-01-25,delivered,mobile
10891,301,11,2024-01-22 05:10:07,2024-01-22,delivered,mobile
10892,373,5,2024-01-12 13:42:15,2024-01-12,completed,mobile
10893,634,11,2024-01-12 22:56:45,2024-01-12,delivered,in_store
10894,505,2,2024-01-16 22:09:20,2024-01-16,completed,mobile
10895,1090,9,2024-01-15 22:47:04,2024-01-15,completed,in_store
10896,1365,5,2024-01-24 12:19:14,2024-01-24,delivered,in_store
10897,1241,5,2024-01-24 16:01:14,2024-01-24,completed,mobile
10898,642,13,2024-01-03 20:54:41,2024-01-03,delivered,online
10899,73,1,2024-01-30 16:24:41,2024-01-30,completed,mobile
10900,1324,4,2024-01-21 20:45:53,2024-01-21,delivered,in_store
10901,965,2,2024-01-20 06:43:39,2024-01-20,delivered,online
10902,1083,9,2024-01-05 09:44:03,2024-01-05,completed,online
10903,402,15,2024-01-20 02:40:09,2024-01-20,delivered,in_store
10904,46,8,2024-01-19 12:10:19,2024-01-19,completed,online
10905,487,3,2024-01-16 22:51:30,2024-01-16,completed,online
10906,754,8,2024-01-30 11:13:12,2024-01-30,delivered,mobile
10907,642,14,2024-01-15 23:36:17,2024-01-15,delivered,mobile
10908,841,10,2024-01-26 16:36:01,2024-01-26,completed,mobile
10909,1271,15,2024-01-16 23:51:40,2024-01-16,completed,in_store
10910,787,8,2024-01-26 22:28:23,2024-01-26,completed,online
10911,387,15,2024-01-05 09:29:05,2024-01-05,completed,mobile
10912,1323,4,2024-01-09 21:16:48,2024-01-09,completed,mobile
10913,692,8,2024-01-13 09:40:14,2024-01-13,completed,in_store
10914,308,11,2024-01-30 12:42:38,2024-01-30,completed,mobile
10915,1385,6,2024-01-15 06:03:12,2024-01-15,completed,online
10916,1117,10,2024-01-06 21:26:49,2024-01-06,delivered,in_store
10917,485,9,2024-01-01 21:24:03,2024-01-01,cancelled,mobile
10918,1288,4,2024-01-06 19:04:36,2024-01-06,delivered,in_store
10919,995,4,2024-01-18 05:56:39,2024-01-18,completed,mobile
10920,873,6,2024-01-07 14:05:00,2024-01-07,completed,in_store
10921,1122,2,2024-01-25 10:49:49,2024-01-25,completed,mobile
10922,780,10,2024-01-27 12:28:46,2024-01-27,completed,online
10923,422,15,2024-01-25 17:00:36,2024-01-25,delivered,in_store
10924,538,15,2024-01-20 03:41:57,2024-01-20,cancelled,online
10925,1089,6,2024-01-07 10:59:47,2024-01-07,completed,in_store
10926,701,14,2024-01-15 22:19:04,2024-01-15,delivered,online
10927,275,15,2024-01-22 16:05:44,2024-01-22,completed,in_store
10928,649,8,2024-01-03 05:11:07,2024-01-03,delivered,mobile
10929,421,2,2024-01-22 04:57:09,2024-01-22,delivered,in_store
10930,646,15,2024-01-27 02:46:38,2024-01-27,completed,online
10931,1102,1,2024-01-27 05:59:32,2024-01-27,cancelled,in_store
10932,467,11,2024-01-05 08:30:47,2024-01-05,delivered,in_store
10933,228,6,2024-01-21 01:33:09,2024-01-21,completed,online
10934,1236,10,2024-01-10 00:36:20,2024-01-10,completed,in_store
10935,726,13,2024-01-07 07:29:47,2024-01-07,completed,mobile
10936,662,7,2024-01-22 08:05:08,2024-01-22,delivered,in_store
10937,437,11,2024-01-21 08:20:19,2024-01-21,delivered,in_store
10938,903,1,2024-01-20 23:23:50,2024-01-20,completed,mobile
10939,1369,6,2024-01-02 01:52:26,2024-01-02,delivered,in_store
10940,1144,9,2024-01-19 19:56:06,2024-01-19,delivered,mobile
10941,1173,8,2024-01-13 18:47:38,2024-01-13,completed,mobile
10942,398,10,2024-01-09 14:13:13,2024-01-09,completed,in_store
10943,846,10,2024-01-05 08:46:59,2024-01-05,delivered,online
10944,608,13,2024-01-25 06:27:21,2024-01-25,completed,mobile
10945,1124,6,2024-01-30 19:29:12,2024-01-30,completed,online
10946,352,15,2024-01-06 05:36:19,2024-01-06,completed,in_store
10947,158,14,2024-01-13 05:50:05,2024-01-13,completed,mobile
10948,1191,7,2024-01-02 11:46:51,2024-01-02,delivered,online
10949,119,9,2024-01-04 03:51:44,2024-01-04,cancelled,online
10950,996,11,2024-01-03 12:37:07,2024-01-03,completed,online
10951,1135,11,2024-01-04 10:17:49,2024-01-04,completed,mobile
10952,752,12,2024-01-29 13:32:41,2024-01-29,completed,online
10953,258,14,2024-01-15 17:27:29,2024-01-15,delivered,mobile
10954,521,6,2024-01-05 09:20:36,2024-01-05,delivered,online
10955,1186,11,2024-01-18 19:47:55,2024-01-18,completed,online
10956,969,8,2024-01-11 13:41:52,2024-01-11,completed,in_store
10957,968,1,2024-01-18 03:05:29,2024-01-18,completed,in_store
10958,403,4,2024-01-11 08:34:30,2024-01-11,delivered,mobile
10959,91,6,2024-01-13 20:18:17,2024-01-13,completed,in_store
10960,72,7,2024-01-14 00:39:24,2024-01-14,delivered,in_store
10961,341,2,2024-01-27 04:09:50,2024-01-27,completed,mobile
10962,816,15,2024-01-27 14:58:14,2024-01-27,delivered,in_store
10963,812,15,2024-01-22 22:42:50,2024-01-22,delivered,mobile
10964,607,7,2024-01-30 01:34:31,2024-01-30,completed,in_store
10965,974,8,2024-01-14 10:28:16,2024-01-14,delivered,online
10966,391,12,2024-01-27 06:37:25,2024-01-27,completed,mobile
10967,348,3,2024-01-07 15:31:47,2024-01-07,completed,in_store
10968,288,14,2024-01-11 05:42:02,2024-01-11,completed,online
10969,557,4,2024-01-11 09:02:05,2024-01-11,delivered,mobile
10970,352,9,2024-01-23 02:32:22,2024-01-23,completed,in_store
10971,1307,10,2024-01-27 01:57:34,2024-01-27,completed,mobile
10972,122,5,2024-01-11 18:40:25,2024-01-11,cancelled,mobile
10973,1453,11,2024-01-02 16:07:19,2024-01-02,delivered,mobile
10974,1265,15,2024-01-27 03:25:59,2024-01-27,completed,online
10975,287,9,2024-01-26 00:57:50,2024-01-26,delivered,mobile
10976,6,6,2024-01-16 21:30:06,2024-01-16,completed,mobile
10977,885,12,2024-01-23 15:28:34,2024-01-23,completed,in_store
10978,1428,14,2024-01-09 13:28:46,2024-01-09,delivered,in_store
10979,967,9,2024-01-24 12:27:40,2024-01-24,completed,in_store
10980,570,3,2024-01-29 19:09:30,2024-01-29,completed,in_store
10981,1201,11,2024-01-18 22:45:47,2024-01-18,completed,in_store
10982,1246,6,2024-01-21 15:50:41,2024-01-21,cancelled,online
10983,1345,4,2024-01-05 00:22:21,2024-01-05,completed,online
10984,1201,7,2024-01-26 08:01:05,2024-01-26,delivered,mobile
10985,1167,3,2024-01-24 21:12:43,2024-01-24,completed,mobile
10986,498,10,2024-01-23 22:31:53,2024-01-23,delivered,mobile
10987,243,6,2024-01-12 05:24:42,2024-01-12,completed,online
10988,141,14,2024-01-17 12:45:40,2024-01-17,completed,online
10989,921,13,2024-01-01 00:41:53,2024-01-01,completed,online
10990,666,1,2024-01-22 21:37:34,2024-01-22,completed,mobile
10991,278,12,2024-01-06 09:01:11,2024-01-06,completed,mobile
10992,317,10,2024-01-21 00:24:35,2024-01-21,delivered,online
10993,1224,1,2024-01-10 13:00:40,2024-01-10,delivered,mobile
10994,1234,14,2024-01-28 09:53:49,2024-01-28,cancelled,online
10995,831,12,2024-01-06 02:07:11,2024-01-06,completed,in_store
10996,542,2,2024-01-23 14:01:51,2024-01-23,delivered,online
10997,1167,8,2024-01-10 05:23:42,2024-01-10,delivered,online
10998,127,12,2024-01-18 11:07:02,2024-01-18,completed,online
10999,1192,13,2024-01-22 02:35:24,2024-01-22,cancelled,mobile
11000,890,4,2024-01-23 02:41:07,2024-01-23,delivered,online
11001,1279,8,2024-01-11 08:40:37,2024-01-11,completed,in_store
11002,1133,6,2024-01-15 14:55:30,2024-01-15,completed,in_store
11003,909,5,2024-01-29 05:42:10,2024-01-29,completed,mobile
11004,433,4,2024-01-20 21:09:27,2024-01-20,delivered,online
11005,425,9,2024-01-28 18:59:39,2024-01-28,delivered,online
11006,1129,10,2024-01-09 04:46:59,2024-01-09,completed,mobile
11007,1478,2,2024-01-01 13:05:46,2024-01-01,cancelled,online
11008,407,3,2024-01-30 19:12:26,2024-01-30,completed,mobile
11009,728,9,2024-01-04 09:20:54,2024-01-04,delivered,in_store
11010,1396,9,2024-01-20 16:43:24,2024-01-20,completed,online
11011,657,12,2024-01-01 04:15:24,2024-01-01,completed,in_store
11012,109,9,2024-01-25 11:19:59,2024-01-25,delivered,in_store
11013,642,13,2024-01-22 04:16:51,2024-01-22,completed,in_store
11014,744,1,2024-01-19 18:04:43,2024-01-19,cancelled,online
11015,1166,12,2024-01-25 06:10:39,2024-01-25,delivered,mobile
11016,1359,7,2024-01-16 03:32:05,2024-01-16,delivered,mobile
11017,1479,10,2024-01-06 19:00:10,2024-01-06,completed,online
11018,1468,3,2024-01-03 14:05:54,2024-01-03,cancelled,online
11019,984,11,2024-01-03 15:44:50,2024-01-03,delivered,mobile
11020,579,3,2024-01-21 09:42:43,2024-01-21,completed,in_store
11021,550,10,2024-01-21 00:37:46,2024-01-21,completed,mobile
11022,534,12,2024-01-02 11:24:33,2024-01-02,delivered,online
11023,37,5,2024-01-10 15:24:00,2024-01-10,completed,in_store
11024,227,15,2024-01-02 09:01:20,2024-01-02,delivered,online
11025,656,8,2024-01-19 23:07:21,2024-01-19,delivered,mobile
11026,1377,14,2024-01-15 02:49:57,2024-01-15,completed,in_store
11027,1265,9,2024-01-22 06:31:08,2024-01-22,completed,in_store
11028,168,14,2024-01-10 14:54:03,2024-01-10,delivered,online
11029,382,7,2024-01-08 10:24:24,2024-01-08,completed,online
11030,674,5,2024-01-10 21:32:51,2024-01-10,cancelled,mobile
11031,110,11,2024-01-07 12:46:02,2024-01-07,completed,mobile
11032,62,10,2024-01-21 02:35:48,2024-01-21,delivered,in_store
11033,40,2,2024-01-01 07:10:50,2024-01-01,delivered,online
11034,1456,9,2024-01-29 18:20:48,2024-01-29,completed,online
11035,451,6,2024-01-30 07:05:11,2024-01-30,completed,mobile
11036,197,3,2024-01-21 12:29:25,2024-01-21,cancelled,online
11037,912,14,2024-01-04 01:10:08,2024-01-04,completed,online
11038,1243,14,2024-01-17 00:55:09,2024-01-17,completed,mobile
11039,656,2,2024-01-20 05:58:49,2024-01-20,delivered,online
11040,1126,15,2024-01-21 04:40:25,2024-01-21,delivered,mobile
11041,1373,7,2024-01-17 04:24:26,2024-01-17,delivered,in_store
11042,285,5,2024-01-15 15:55:39,2024-01-15,completed,online
11043,1388,3,2024-01-03 23:30:36,2024-01-03,completed,online
11044,428,1,2024-01-16 19:33:19,2024-01-16,completed,online
11045,181,10,2024-01-07 02:14:01,2024-01-07,completed,in_store
11046,1254,13,2024-01-21 17:10:18,2024-01-21,delivered,in_store
11047,939,15,2024-01-26 12:45:30,2024-01-26,delivered,online
11048,601,12,2024-01-27 02:05:06,2024-01-27,completed,in_store
11049,44,6,2024-01-14 02:39:19,2024-01-14,delivered,in_store
11050,606,15,2024-01-04 23:35:01,2024-01-04,completed,mobile
11051,751,2,2024-01-09 23:06:35,2024-01-09,completed,mobile
11052,469,14,2024-01-22 09:30:26,2024-01-22,delivered,mobile
11053,646,5,2024-01-16 13:12:02,2024-01-16,delivered,online
11054,890,15,2024-01-17 16:17:20,2024-01-17,completed,online
11055,626,11,2024-01-24 19:41:09,2024-01-24,delivered,online
11056,222,4,2024-01-23 00:38:53,2024-01-23,completed,in_store
11057,1477,5,2024-01-24 11:09:33,2024-01-24,completed,mobile
11058,1029,8,2024-01-09 00:42:50,2024-01-09,completed,online
11059,723,7,2024-01-14 08:17:36,2024-01-14,delivered,online
11060,59,4,2024-01-10 05:05:08,2024-01-10,completed,in_store
11061,679,5,2024-01-08 20:21:13,2024-01-08,completed,mobile
11062,1278,8,2024-01-28 07:54:27,2024-01-28,delivered,online
11063,789,8,2024-01-08 13:43:05,2024-01-08,delivered,mobile
11064,839,4,2024-01-14 22:07:39,2024-01-14,completed,mobile
11065,67,14,2024-01-01 12:27:32,2024-01-01,completed,online
11066,1198,8,2024-01-11 18:14:45,2024-01-11,completed,in_store
11067,668,3,2024-01-09 01:27:42,2024-01-09,delivered,in_store
11068,858,12,2024-01-28 17:37:55,2024-01-28,completed,in_store
11069,894,7,2024-01-16 16:45:18,2024-01-16,cancelled,in_store
11070,241,8,2024-01-12 02:36:54,2024-01-12,completed,in_store
11071,1118,3,2024-01-22 13:40:08,2024-01-22,cancelled,mobile
11072,725,14,2024-01-28 16:33:29,2024-01-28,delivered,online
11073,683,11,2024-01-05 02:27:06,2024-01-05,delivered,mobile
11074,13,7,2024-01-09 08:42:01,2024-01-09,delivered,online
11075,1323,7,2024-01-16 03:26:42,2024-01-16,completed,online
11076,1474,9,2024-01-09 21:12:58,2024-01-09,completed,mobile
11077,771,2,2024-01-19 13:51:36,2024-01-19,completed,mobile
11078,1275,1,2024-01-09 11:48:56,2024-01-09,delivered,in_store
11079,45,13,2024-01-25 17:53:51,2024-01-25,delivered,in_store
11080,997,4,2024-01-27 06:37:58,2024-01-27,completed,mobile
11081,1118,7,2024-01-06 17:01:15,2024-01-06,completed,online
11082,694,5,2024-01-22 08:03:03,2024-01-22,completed,in_store
11083,519,8,2024-01-27 07:01:37,2024-01-27,completed,online
11084,163,6,2024-01-26 21:55:30,2024-01-26,completed,online
11085,1178,11,2024-01-03 20:36:06,2024-01-03,delivered,in_store
11086,496,6,2024-01-09 04:59:10,2024-01-09,delivered,mobile
11087,244,7,2024-01-24 11:22:40,2024-01-24,completed,in_store
11088,385,4,2024-01-03 07:58:50,2024-01-03,cancelled,in_store
11089,1394,5,2024-01-28 14:22:45,2024-01-28,completed,mobile
11090,533,1,2024-01-24 04:35:52,2024-01-24,cancelled,mobile
11091,1416,5,2024-01-17 23:27:05,2024-01-17,completed,online
11092,357,8,2024-01-17 17:32:48,2024-01-17,completed,mobile
11093,1460,14,2024-01-08 08:01:15,2024-01-08,completed,in_store
11094,1132,4,2024-01-25 02:14:50,2024-01-25,completed,mobile
11095,919,15,2024-01-04 05:59:49,2024-01-04,completed,in_store
11096,1499,12,2024-01-05 14:45:03,2024-01-05,completed,online
11097,68,13,2024-01-13 17:18:42,2024-01-13,completed,in_store
11098,550,10,2024-01-09 08:08:02,2024-01-09,cancelled,in_store
11099,784,3,2024-01-08 15:39:32,2024-01-08,completed,in_store
11100,579,4,2024-01-22 22:22:56,2024-01-22,completed,mobile
11101,1355,8,2024-01-18 23:03:57,2024-01-18,completed,online
11102,109,10,2024-01-23 16:02:27,2024-01-23,delivered,mobile
11103,200,3,2024-01-21 22:01:45,2024-01-21,delivered,in_store
11104,638,12,2024-01-08 03:12:01,2024-01-08,cancelled,mobile
11105,79,8,2024-01-18 09:30:36,2024-01-18,delivered,mobile
11106,686,1,2024-01-27 16:12:52,2024-01-27,completed,mobile
11107,394,11,2024-01-19 01:11:54,2024-01-19,cancelled,mobile
11108,1355,6,2024-01-25 12:39:59,2024-01-25,completed,in_store
11109,184,1,2024-01-16 01:42:00,2024-01-16,delivered,mobile
11110,930,9,2024-01-01 06:09:13,2024-01-01,delivered,in_store
11111,203,3,2024-01-26 18:26:53,2024-01-26,completed,mobile
11112,182,3,2024-01-25 02:55:43,2024-01-25,completed,mobile
11113,690,15,2024-01-22 10:08:08,2024-01-22,completed,mobile
11114,1376,13,2024-01-25 13:50:20,2024-01-25,delivered,mobile
11115,122,2,2024-01-11 00:34:33,2024-01-11,completed,mobile
11116,311,8,2024-01-11 06:31:27,2024-01-11,cancelled,online
11117,624,3,2024-01-05 13:05:23,2024-01-05,completed,mobile
11118,1305,4,2024-01-08 06:33:49,2024-01-08,delivered,online
11119,956,8,2024-01-29 08:06:23,2024-01-29,completed,mobile
11120,854,3,2024-01-29 21:08:52,2024-01-29,delivered,online
11121,1473,12,2024-01-03 05:27:11,2024-01-03,completed,online
11122,219,4,2024-01-07 08:33:22,2024-01-07,cancelled,online
11123,822,7,2024-01-19 21:15:08,2024-01-19,completed,mobile
11124,1190,10,2024-01-12 19:29:21,2024-01-12,delivered,mobile
11125,1255,1,2024-01-03 05:13:07,2024-01-03,delivered,mobile
11126,107,13,2024-01-13 14:27:22,2024-01-13,completed,online
11127,871,11,2024-01-27 05:03:59,2024-01-27,delivered,in_store
11128,981,11,2024-01-30 18:24:02,2024-01-30,delivered,online
11129,1466,6,2024-01-12 07:48:43,2024-01-12,completed,mobile
11130,707,2,2024-01-19 06:37:04,2024-01-19,completed,mobile
11131,298,8,2024-01-23 10:56:06,2024-01-23,completed,online
11132,56,5,2024-01-18 07:34:04,2024-01-18,delivered,mobile
11133,1025,7,2024-01-03 02:32:35,2024-01-03,completed,online
11134,790,13,2024-01-04 11:36:33,2024-01-04,delivered,online
11135,591,2,2024-01-30 19:20:48,2024-01-30,delivered,online
11136,169,9,2024-01-14 13:14:14,2024-01-14,completed,in_store
11137,785,13,2024-01-28 01:26:41,2024-01-28,delivered,mobile
11138,285,10,2024-01-19 17:38:01,2024-01-19,completed,mobile
11139,417,9,2024-01-13 20:25:26,2024-01-13,delivered,mobile
11140,291,6,2024-01-14 07:14:55,2024-01-14,delivered,online
11141,1094,1,2024-01-12 11:46:35,2024-01-12,completed,online
11142,547,7,2024-01-29 01:19:13,2024-01-29,completed,mobile
11143,799,2,2024-01-10 02:55:52,2024-01-10,completed,mobile
11144,427,8,2024-01-17 19:54:06,2024-01-17,completed,online
11145,494,15,2024-01-12 23:40:59,2024-01-12,completed,online
11146,579,13,2024-01-14 00:35:23,2024-01-14,delivered,online
11147,144,1,2024-01-06 17:42:30,2024-01-06,delivered,online
11148,1242,4,2024-01-28 04:42:27,2024-01-28,completed,in_store
11149,65,7,2024-01-27 05:00:08,2024-01-27,completed,in_store
11150,600,2,2024-01-11 17:59:16,2024-01-11,completed,in_store
11151,1360,5,2024-01-06 01:01:38,2024-01-06,completed,mobile
11152,527,5,2024-01-26 16:00:14,2024-01-26,completed,online
11153,207,4,2024-01-11 14:18:05,2024-01-11,completed,mobile
11154,760,5,2024-01-10 16:26:51,2024-01-10,delivered,in_store
11155,961,10,2024-01-02 18:06:14,2024-01-02,completed,in_store
11156,701,12,2024-01-22 10:03:04,2024-01-22,completed,mobile
11157,912,13,2024-01-04 09:51:00,2024-01-04,completed,in_store
11158,1136,10,2024-01-07 08:32:37,2024-01-07,completed,online
11159,904,8,2024-01-18 01:07:43,2024-01-18,completed,mobile
11160,939,12,2024-01-14 06:29:03,2024-01-14,delivered,mobile
11161,204,6,2024-01-25 01:29:49,2024-01-25,cancelled,online
11162,621,7,2024-01-13 10:59:39,2024-01-13,completed,in_store
11163,1478,8,2024-01-07 02:18:50,2024-01-07,delivered,mobile
11164,182,2,2024-01-11 22:08:19,2024-01-11,delivered,mobile
11165,197,6,2024-01-13 12:48:42,2024-01-13,delivered,mobile
11166,1486,1,2024-01-26 04:52:58,2024-01-26,completed,mobile
11167,1438,12,2024-01-09 17:40:17,2024-01-09,cancelled,mobile
11168,282,3,2024-01-10 11:55:57,2024-01-10,delivered,in_store
11169,735,10,2024-01-15 10:31:48,2024-01-15,delivered,in_store
11170,1200,8,2024-01-27 12:34:09,2024-01-27,completed,mobile
11171,567,3,2024-01-27 20:16:30,2024-01-27,completed,mobile
11172,1028,11,2024-01-09 16:39:27,2024-01-09,delivered,online
11173,1190,12,2024-01-23 22:39:57,2024-01-23,completed,online
11174,632,11,2024-01-02 23:53:47,2024-01-02,delivered,online
11175,1279,3,2024-01-01 17:09:59,2024-01-01,delivered,online
11176,111,2,2024-01-24 23:05:12,2024-01-24,completed,in_store
11177,233,11,2024-01-11 14:41:55,2024-01-11,completed,online
11178,482,5,2024-01-13 12:54:41,2024-01-13,completed,in_store
11179,936,15,2024-01-26 03:44:15,2024-01-26,completed,in_store
11180,978,14,2024-01-03 11:43:56,2024-01-03,delivered,online
11181,1162,12,2024-01-02 16:57:22,2024-01-02,completed,mobile
11182,743,1,2024-01-07 05:44:53,2024-01-07,completed,online
11183,366,4,2024-01-23 13:03:36,2024-01-23,completed,in_store
11184,375,14,2024-01-08 21:27:37,2024-01-08,cancelled,online
11185,912,10,2024-01-08 12:53:39,2024-01-08,completed,in_store
11186,959,11,2024-01-14 23:55:32,2024-01-14,completed,mobile
11187,1008,10,2024-01-08 06:55:06,2024-01-08,delivered,online
11188,902,3,2024-01-28 00:12:53,2024-01-28,delivered,in_store
11189,829,10,2024-01-10 23:36:49,2024-01-10,cancelled,online
11190,200,4,2024-01-26 16:34:29,2024-01-26,completed,online
11191,1192,2,2024-01-17 20:48:00,2024-01-17,delivered,in_store
11192,676,14,2024-01-23 22:30:43,2024-01-23,completed,online
11193,10,8,2024-01-09 10:22:34,2024-01-09,completed,mobile
11194,540,12,2024-01-06 16:13:27,2024-01-06,completed,online
11195,272,14,2024-01-15 18:15:56,2024-01-15,delivered,in_store
11196,1091,12,2024-01-30 18:00:25,2024-01-30,completed,in_store
11197,1270,6,2024-01-15 09:51:49,2024-01-15,delivered,in_store
11198,888,3,2024-01-13 19:44:57,2024-01-13,delivered,in_store
11199,908,5,2024-01-13 20:56:17,2024-01-13,completed,in_store
11200,1024,12,2024-01-07 18:21:04,2024-01-07,completed,in_store
11201,681,14,2024-01-15 11:20:35,2024-01-15,delivered,online
11202,973,7,2024-01-06 03:25:47,2024-01-06,completed,in_store
11203,415,11,2024-01-30 07:19:16,2024-01-30,completed,mobile
11204,711,8,2024-01-13 12:37:02,2024-01-13,delivered,in_store
11205,186,4,2024-01-10 14:19:55,2024-01-10,delivered,mobile
11206,555,11,2024-01-26 04:49:29,2024-01-26,completed,mobile
11207,600,15,2024-01-24 18:50:45,2024-01-24,delivered,in_store
11208,375,13,2024-01-12 15:43:49,2024-01-12,delivered,mobile
11209,635,10,2024-01-14 13:30:50,2024-01-14,delivered,in_store
11210,258,15,2024-01-03 02:20:49,2024-01-03,cancelled,mobile
11211,1169,14,2024-01-10 05:53:12,2024-01-10,delivered,online
11212,721,13,2024-01-11 06:50:27,2024-01-11,delivered,online
11213,920,4,2024-01-14 20:19:56,2024-01-14,completed,mobile
11214,392,9,2024-01-29 01:26:27,2024-01-29,cancelled,mobile
11215,605,1,2024-01-26 22:20:58,2024-01-26,delivered,in_store
11216,1423,1,2024-01-07 19:44:52,2024-01-07,completed,mobile
11217,1120,12,2024-01-20 11:56:36,2024-01-20,delivered,online
11218,52,5,2024-01-20 07:41:32,2024-01-20,completed,online
11219,1371,5,2024-01-09 12:13:42,2024-01-09,delivered,online
11220,971,13,2024-01-03 07:29:34,2024-01-03,delivered,mobile
11221,10,2,2024-01-21 15:54:53,2024-01-21,completed,mobile
11222,407,10,2024-01-09 06:28:54,2024-01-09,completed,mobile
11223,1343,12,2024-01-05 00:08:32,2024-01-05,delivered,mobile
11224,1323,15,2024-01-19 22:12:15,2024-01-19,delivered,mobile
11225,386,9,2024-01-29 23:07:56,2024-01-29,completed,mobile
11226,1487,6,2024-01-16 22:03:50,2024-01-16,completed,mobile
11227,1345,13,2024-01-07 19:01:08,2024-01-07,completed,online
11228,1387,3,2024-01-08 07:10:12,2024-01-08,cancelled,mobile
11229,49,11,2024-01-17 01:53:32,2024-01-17,completed,online
11230,492,7,2024-01-03 22:42:58,2024-01-03,completed,mobile
11231,243,2,2024-01-21 20:42:20,2024-01-21,completed,mobile
11232,542,9,2024-01-09 06:31:49,2024-01-09,delivered,in_store
11233,269,7,2024-01-22 13:08:10,2024-01-22,completed,in_store
11234,196,14,2024-01-23 18:19:50,2024-01-23,completed,online
11235,1465,11,2024-01-15 18:01:10,2024-01-15,completed,mobile
11236,1261,2,2024-01-18 17:58:42,2024-01-18,completed,in_store
11237,1069,7,2024-01-05 00:00:59,2024-01-05,completed,mobile
11238,1311,10,2024-01-07 15:09:00,2024-01-07,cancelled,in_store
11239,683,11,2024-01-09 08:44:02,2024-01-09,completed,in_store
11240,96,8,2024-01-02 23:09:42,2024-01-02,completed,mobile
11241,444,12,2024-01-23 09:41:23,2024-01-23,completed,in_store
11242,183,12,2024-01-08 10:47:03,2024-01-08,completed,online
11243,494,10,2024-01-30 01:45:21,2024-01-30,delivered,mobile
11244,1413,14,2024-01-01 09:05:35,2024-01-01,completed,online
11245,208,6,2024-01-18 23:54:28,2024-01-18,delivered,online
11246,1472,13,2024-01-03 00:49:10,2024-01-03,completed,mobile
11247,97,13,2024-01-30 02:47:47,2024-01-30,completed,online
11248,1103,11,2024-01-12 08:05:52,2024-01-12,delivered,mobile
11249,242,7,2024-01-29 06:23:28,2024-01-29,delivered,online
11250,483,2,2024-01-28 14:18:08,2024-01-28,completed,online
11251,1440,6,2024-01-29 09:07:18,2024-01-29,delivered,mobile
11252,1314,1,2024-01-02 11:53:48,2024-01-02,completed,mobile
11253,598,11,2024-01-17 07:18:12,2024-01-17,cancelled,in_store
11254,213,13,2024-01-10 03:46:01,2024-01-10,completed,online
11255,1452,5,2024-01-19 00:02:15,2024-01-19,delivered,mobile
11256,747,8,2024-01-09 01:38:30,2024-01-09,completed,online
11257,148,9,2024-01-22 01:46:25,2024-01-22,cancelled,online
11258,1159,9,2024-01-23 04:30:16,2024-01-23,completed,mobile
11259,124,15,2024-01-18 22:52:10,2024-01-18,delivered,mobile
11260,1265,13,2024-01-05 09:15:14,2024-01-05,delivered,online
11261,94,1,2024-01-22 15:08:16,2024-01-22,delivered,mobile
11262,328,5,2024-01-14 02:06:33,2024-01-14,delivered,in_store
11263,541,8,2024-01-07 11:20:23,2024-01-07,cancelled,in_store
11264,1366,10,2024-01-30 18:50:17,2024-01-30,completed,online
11265,497,15,2024-01-12 18:52:31,2024-01-12,completed,online
11266,1414,9,2024-01-04 14:21:08,2024-01-04,completed,in_store
11267,563,5,2024-01-23 15:12:25,2024-01-23,delivered,mobile
11268,92,15,2024-01-04 03:31:46,2024-01-04,delivered,in_store
11269,1395,3,2024-01-10 00:15:06,2024-01-10,delivered,in_store
11270,993,7,2024-01-24 16:39:50,2024-01-24,completed,mobile
11271,603,5,2024-01-04 23:36:34,2024-01-04,completed,mobile
11272,17,13,2024-01-01 13:20:11,2024-01-01,completed,in_store
11273,1388,10,2024-01-08 00:27:37,2024-01-08,completed,in_store
11274,136,1,2024-01-21 08:42:12,2024-01-21,completed,mobile
11275,1093,4,2024-01-18 03:40:06,2024-01-18,completed,in_store
11276,951,5,2024-01-23 11:08:59,2024-01-23,completed,in_store
11277,1269,6,2024-01-28 09:23:02,2024-01-28,completed,in_store
11278,161,8,2024-01-26 02:46:34,2024-01-26,delivered,mobile
11279,937,9,2024-01-13 20:12:33,2024-01-13,completed,online
11280,1138,10,2024-01-03 05:48:15,2024-01-03,completed,mobile
11281,257,2,2024-01-04 02:09:46,2024-01-04,delivered,in_store
11282,1204,4,2024-01-04 00:24:56,2024-01-04,completed,mobile
11283,673,8,2024-01-20 07:32:16,2024-01-20,completed,mobile
11284,1267,14,2024-01-28 02:07:04,2024-01-28,completed,in_store
11285,937,4,2024-01-29 00:29:33,2024-01-29,cancelled,in_store
11286,1410,3,2024-01-09 04:36:49,2024-01-09,delivered,online
11287,554,11,2024-01-29 05:23:17,2024-01-29,delivered,in_store
11288,1125,5,2024-01-24 16:05:30,2024-01-24,completed,mobile
11289,285,3,2024-01-24 11:45:48,2024-01-24,cancelled,mobile
11290,103,7,2024-01-08 08:25:47,2024-01-08,completed,online
11291,989,8,2024-01-06 22:14:59,2024-01-06,delivered,in_store
11292,1162,1,2024-01-16 23:35:57,2024-01-16,completed,in_store
11293,1499,11,2024-01-30 08:32:25,2024-01-30,cancelled,online
11294,901,9,2024-01-17 11:54:49,2024-01-17,cancelled,in_store
11295,1310,4,2024-01-01 02:30:39,2024-01-01,completed,online
11296,1,13,2024-01-27 22:27:45,2024-01-27,delivered,online
11297,1168,12,2024-01-02 03:11:10,2024-01-02,delivered,in_store
11298,1311,14,2024-01-05 11:57:51,2024-01-05,completed,mobile
11299,684,12,2024-01-27 17:22:21,2024-01-27,delivered,online
11300,887,3,2024-01-15 06:22:37,2024-01-15,delivered,online
11301,30,12,2024-01-30 08:12:44,2024-01-30,completed,online
11302,700,14,2024-01-29 09:03:42,2024-01-29,delivered,mobile
11303,428,11,2024-01-03 10:16:06,2024-01-03,completed,online
11304,956,15,2024-01-12 04:51:45,2024-01-12,delivered,mobile
11305,694,11,2024-01-05 13:26:35,2024-01-05,completed,online
11306,1048,8,2024-01-16 13:02:07,2024-01-16,cancelled,online
11307,165,13,2024-01-13 06:59:10,2024-01-13,delivered,mobile
11308,1435,9,2024-01-04 04:24:07,2024-01-04,delivered,mobile
11309,1158,7,2024-01-28 10:15:06,2024-01-28,delivered,in_store
11310,1007,11,2024-01-13 00:22:51,2024-01-13,completed,in_store
11311,397,9,2024-01-04 01:31:21,2024-01-04,delivered,online
11312,841,14,2024-01-18 05:44:43,2024-01-18,completed,online
11313,1010,15,2024-01-27 15:16:39,2024-01-27,delivered,mobile
11314,650,14,2024-01-03 19:21:29,2024-01-03,completed,online
11315,1415,3,2024-01-30 20:37:41,2024-01-30,completed,in_store
11316,895,3,2024-01-18 16:04:52,2024-01-18,completed,mobile
11317,844,1,2024-01-15 09:27:23,2024-01-15,delivered,online
11318,1473,13,2024-01-11 21:04:46,2024-01-11,completed,online
11319,929,15,2024-01-27 02:14:09,2024-01-27,delivered,mobile
11320,265,5,2024-01-09 07:15:17,2024-01-09,completed,online
11321,1090,1,2024-01-06 08:01:51,2024-01-06,delivered,online
11322,562,7,2024-01-14 17:52:45,2024-01-14,completed,mobile
11323,448,4,2024-01-03 17:11:43,2024-01-03,delivered,mobile
11324,1057,1,2024-01-19 04:10:34,2024-01-19,completed,mobile
11325,97,14,2024-01-15 02:21:20,2024-01-15,delivered,mobile
11326,826,13,2024-01-09 09:28:18,2024-01-09,cancelled,in_store
11327,1183,9,2024-01-08 09:55:18,2024-01-08,completed,mobile
11328,855,7,2024-01-03 01:11:05,2024-01-03,completed,mobile
11329,219,10,2024-01-05 05:09:33,2024-01-05,delivered,in_store
11330,1379,1,2024-01-17 03:20:57,2024-01-17,completed,in_store
11331,908,13,2024-01-18 20:15:09,2024-01-18,cancelled,online
11332,1495,13,2024-01-22 10:46:54,2024-01-22,completed,online
11333,839,15,2024-01-01 11:50:43,2024-01-01,cancelled,in_store
11334,243,7,2024-01-11 14:37:45,2024-01-11,completed,mobile
11335,1331,14,2024-01-18 06:39:24,2024-01-18,delivered,online
11336,549,1,2024-01-20 10:40:46,2024-01-20,cancelled,mobile
11337,340,15,2024-01-06 19:46:37,2024-01-06,delivered,online
11338,722,8,2024-01-12 04:42:53,2024-01-12,delivered,mobile
11339,234,12,2024-01-02 01:02:30,2024-01-02,completed,online
11340,191,3,2024-01-30 02:54:09,2024-01-30,cancelled,mobile
11341,907,8,2024-01-05 03:33:00,2024-01-05,delivered,online
11342,409,7,2024-01-14 03:29:59,2024-01-14,completed,in_store
11343,935,13,2024-01-02 03:17:27,2024-01-02,cancelled,online
11344,1064,14,2024-01-15 16:59:59,2024-01-15,delivered,mobile
11345,1486,9,2024-01-17 17:13:46,2024-01-17,cancelled,in_store
11346,880,1,2024-01-17 09:00:39,2024-01-17,completed,mobile
11347,1005,2,2024-01-08 07:39:46,2024-01-08,completed,in_store
11348,1406,14,2024-01-07 13:48:34,2024-01-07,completed,mobile
11349,1427,12,2024-01-21 16:46:27,2024-01-21,completed,in_store
11350,995,8,2024-01-16 06:32:45,2024-01-16,completed,online
11351,494,6,2024-01-11 13:43:29,2024-01-11,delivered,in_store
11352,887,7,2024-01-15 14:58:51,2024-01-15,completed,online
11353,1437,12,2024-01-17 23:16:08,2024-01-17,delivered,online
11354,833,9,2024-01-09 16:40:42,2024-01-09,delivered,mobile
11355,746,14,2024-01-16 15:54:15,2024-01-16,completed,online
11356,1453,6,2024-01-28 03:24:02,2024-01-28,delivered,online
11357,856,5,2024-01-03 08:16:16,2024-01-03,completed,in_store
11358,1427,6,2024-01-29 04:06:00,2024-01-29,delivered,in_store
11359,1187,9,2024-01-18 12:40:41,2024-01-18,cancelled,in_store
11360,240,4,2024-01-22 00:28:28,2024-01-22,completed,online
11361,876,3,2024-01-18 16:06:25,2024-01-18,completed,online
11362,548,8,2024-01-19 18:52:44,2024-01-19,completed,online
11363,99,2,2024-01-13 23:13:43,2024-01-13,completed,online
11364,227,11,2024-01-18 09:23:29,2024-01-18,delivered,mobile
11365,422,10,2024-01-25 09:33:27,2024-01-25,completed,online
11366,1493,6,2024-01-28 12:13:49,2024-01-28,delivered,mobile
11367,531,3,2024-01-24 17:22:56,2024-01-24,delivered,online
11368,620,13,2024-01-09 21:41:21,2024-01-09,delivered,in_store
11369,1181,2,2024-01-26 20:02:49,2024-01-26,delivered,in_store
11370,385,8,2024-01-01 06:31:01,2024-01-01,delivered,in_store
11371,1170,10,2024-01-20 02:06:47,2024-01-20,completed,mobile
11372,39,8,2024-01-03 02:06:18,2024-01-03,completed,online
11373,1063,14,2024-01-02 21:57:35,2024-01-02,delivered,mobile
11374,847,8,2024-01-02 23:34:37,2024-01-02,completed,in_store
11375,374,13,2024-01-17 04:46:55,2024-01-17,completed,online
11376,656,1,2024-01-04 10:41:46,2024-01-04,delivered,in_store
11377,1240,9,2024-01-28 08:06:06,2024-01-28,completed,mobile
11378,1049,15,2024-01-26 05:30:57,2024-01-26,completed,mobile
11379,877,11,2024-01-14 21:22:48,2024-01-14,completed,online
11380,1201,8,2024-01-05 06:06:05,2024-01-05,completed,in_store
11381,583,11,2024-01-09 14:34:01,2024-01-09,completed,online
11382,1441,12,2024-01-07 12:44:50,2024-01-07,completed,mobile
11383,311,1,2024-01-04 11:19:38,2024-01-04,delivered,in_store
11384,1105,15,2024-01-27 06:26:42,2024-01-27,completed,online
11385,39,1,2024-01-28 22:12:03,2024-01-28,cancelled,in_store
11386,96,13,2024-01-16 23:36:24,2024-01-16,delivered,in_store
11387,994,15,2024-01-21 07:34:46,2024-01-21,delivered,mobile
11388,1091,14,2024-01-27 09:46:22,2024-01-27,delivered,online
11389,672,15,2024-01-14 12:40:44,2024-01-14,delivered,in_store
11390,724,2,2024-01-28 09:52:15,2024-01-28,completed,online
11391,1394,11,2024-01-24 19:01:47,2024-01-24,delivered,online
11392,387,2,2024-01-19 02:34:27,2024-01-19,completed,online
11393,714,3,2024-01-18 23:57:03,2024-01-18,completed,online
11394,1411,11,2024-01-22 02:59:31,2024-01-22,completed,mobile
11395,507,9,2024-01-06 08:49:49,2024-01-06,completed,in_store
11396,1386,2,2024-01-26 02:38:16,2024-01-26,cancelled,mobile
11397,1215,12,2024-01-08 01:56:02,2024-01-08,completed,online
11398,19,6,2024-01-08 18:21:40,2024-01-08,completed,in_store
11399,718,3,2024-01-13 20:04:47,2024-01-13,delivered,mobile
11400,1479,15,2024-01-20 05:55:37,2024-01-20,completed,online
11401,1478,11,2024-01-13 15:28:24,2024-01-13,completed,in_store
11402,581,9,2024-01-08 05:28:08,2024-01-08,completed,in_store
11403,303,14,2024-01-22 05:47:57,2024-01-22,completed,in_store
11404,10,12,2024-01-04 12:07:44,2024-01-04,completed,online
11405,1398,14,2024-01-21 09:42:42,2024-01-21,cancelled,mobile
11406,728,2,2024-01-26 15:44:29,2024-01-26,delivered,mobile
11407,659,12,2024-01-12 01:09:15,2024-01-12,delivered,mobile
11408,938,5,2024-01-24 05:53:32,2024-01-24,delivered,in_store
11409,685,14,2024-01-09 18:03:33,2024-01-09,completed,in_store
11410,290,4,2024-01-26 01:04:01,2024-01-26,delivered,in_store
11411,830,5,2024-01-03 22:24:28,2024-01-03,completed,in_store
11412,249,5,2024-01-22 08:10:51,2024-01-22,completed,mobile
11413,1284,4,2024-01-13 03:31:16,2024-01-13,completed,online
11414,126,1,2024-01-20 02:56:57,2024-01-20,completed,in_store
11415,581,10,2024-01-06 14:37:26,2024-01-06,completed,in_store
11416,1440,7,2024-01-20 01:00:09,2024-01-20,delivered,mobile
11417,1182,3,2024-01-17 16:49:08,2024-01-17,completed,in_store
11418,1120,15,2024-01-24 01:25:15,2024-01-24,completed,mobile
11419,167,9,2024-01-24 21:31:02,2024-01-24,delivered,online
11420,1400,13,2024-01-27 17:52:32,2024-01-27,completed,online
11421,884,1,2024-01-30 02:49:42,2024-01-30,cancelled,mobile
11422,1090,6,2024-01-18 11:48:00,2024-01-18,cancelled,mobile
11423,925,15,2024-01-26 09:41:07,2024-01-26,completed,online
11424,543,9,2024-01-16 22:38:24,2024-01-16,completed,mobile
11425,1080,5,2024-01-23 20:33:49,2024-01-23,completed,in_store
11426,1093,10,2024-01-23 09:21:28,2024-01-23,completed,mobile
11427,678,2,2024-01-06 00:43:22,2024-01-06,completed,in_store
11428,1044,2,2024-01-25 07:29:58,2024-01-25,cancelled,online
11429,261,8,2024-01-24 14:12:48,2024-01-24,cancelled,mobile
11430,152,14,2024-01-02 00:05:28,2024-01-02,cancelled,online
11431,1096,6,2024-01-27 14:11:19,2024-01-27,delivered,mobile
11432,735,13,2024-01-02 11:27:14,2024-01-02,delivered,online
11433,246,2,2024-01-02 13:36:21,2024-01-02,completed,in_store
11434,519,3,2024-01-22 03:23:00,2024-01-22,completed,mobile
11435,1465,13,2024-01-23 14:36:43,2024-01-23,delivered,in_store
11436,1352,15,2024-01-20 15:48:17,2024-01-20,delivered,online
11437,276,3,2024-01-24 22:46:20,2024-01-24,delivered,mobile
11438,349,7,2024-01-21 14:40:49,2024-01-21,completed,in_store
11439,480,10,2024-01-04 15:40:58,2024-01-04,delivered,in_store
11440,1085,1,2024-01-23 20:01:46,2024-01-23,completed,online
11441,145,12,2024-01-13 03:19:09,2024-01-13,completed,online
11442,937,7,2024-01-30 17:44:53,2024-01-30,delivered,online
11443,559,9,2024-01-25 01:47:22,2024-01-25,delivered,in_store
11444,379,3,2024-01-14 15:24:15,2024-01-14,completed,in_store
11445,1002,7,2024-01-19 10:54:59,2024-01-19,completed,online
11446,717,7,2024-01-04 08:10:41,2024-01-04,delivered,mobile
11447,329,4,2024-01-07 13:50:50,2024-01-07,delivered,online
11448,678,10,2024-01-04 07:58:14,2024-01-04,completed,online
11449,6,8,2024-01-16 21:41:56,2024-01-16,completed,in_store
11450,694,4,2024-01-07 01:51:28,2024-01-07,delivered,online
11451,306,1,2024-01-01 09:11:13,2024-01-01,delivered,in_store
11452,1393,9,2024-01-11 05:43:24,2024-01-11,delivered,mobile
11453,47,15,2024-01-15 22:11:27,2024-01-15,delivered,in_store
11454,288,9,2024-01-16 23:58:09,2024-01-16,delivered,online
11455,374,4,2024-01-09 14:25:31,2024-01-09,completed,mobile
11456,1000,9,2024-01-12 08:04:24,2024-01-12,delivered,in_store
11457,580,3,2024-01-10 14:03:38,2024-01-10,cancelled,mobile
11458,1491,5,2024-01-25 11:12:00,2024-01-25,delivered,mobile
11459,78,10,2024-01-28 11:31:22,2024-01-28,delivered,in_store
11460,1105,7,2024-01-20 00:03:12,2024-01-20,completed,in_store
11461,545,11,2024-01-20 18:37:49,2024-01-20,delivered,in_store
11462,756,10,2024-01-23 23:23:51,2024-01-23,cancelled,online
11463,1190,7,2024-01-18 06:28:44,2024-01-18,cancelled,in_store
11464,635,4,2024-01-22 08:46:36,2024-01-22,completed,online
11465,1138,13,2024-01-19 14:29:05,2024-01-19,delivered,mobile
11466,24,2,2024-01-11 18:25:22,2024-01-11,delivered,mobile
11467,1425,2,2024-01-22 22:15:25,2024-01-22,delivered,mobile
11468,358,10,2024-01-10 06:02:06,2024-01-10,completed,online
11469,268,10,2024-01-06 18:50:35,2024-01-06,cancelled,mobile
11470,1352,14,2024-01-18 06:13:40,2024-01-18,delivered,in_store
11471,69,2,2024-01-22 23:52:08,2024-01-22,completed,in_store
11472,358,11,2024-01-26 15:31:11,2024-01-26,delivered,mobile
11473,1480,15,2024-01-28 19:20:12,2024-01-28,completed,mobile
11474,1318,1,2024-01-17 19:59:52,2024-01-17,completed,in_store
11475,1413,11,2024-01-26 09:31:38,2024-01-26,completed,in_store
11476,366,1,2024-01-14 02:44:47,2024-01-14,completed,mobile
11477,1264,13,2024-01-21 19:16:23,2024-01-21,delivered,mobile
11478,39,5,2024-01-17 03:21:51,2024-01-17,completed,online
11479,1482,9,2024-01-19 21:19:17,2024-01-19,completed,mobile
11480,1022,13,2024-01-13 20:56:07,2024-01-13,cancelled,mobile
11481,932,13,2024-01-18 17:06:57,2024-01-18,delivered,mobile
11482,1123,12,2024-01-23 01:23:27,2024-01-23,completed,online
11483,1295,10,2024-01-09 04:44:17,2024-01-09,completed,in_store
11484,1247,3,2024-01-15 21:39:08,2024-01-15,delivered,mobile
11485,1470,14,2024-01-28 12:29:11,2024-01-28,completed,in_store
11486,1422,11,2024-01-04 01:28:04,2024-01-04,completed,mobile
11487,1268,4,2024-01-27 17:04:10,2024-01-27,completed,in_store
11488,151,15,2024-01-18 02:50:50,2024-01-18,delivered,online
11489,1445,11,2024-01-25 19:09:45,2024-01-25,cancelled,in_store
11490,118,5,2024-01-27 08:06:51,2024-01-27,delivered,mobile
11491,59,4,2024-01-04 07:44:04,2024-01-04,completed,mobile
11492,1074,2,2024-01-21 01:00:42,2024-01-21,delivered,in_store
11493,250,3,2024-01-29 14:08:00,2024-01-29,completed,in_store
11494,198,1,2024-01-05 19:57:15,2024-01-05,cancelled,online
11495,1212,4,2024-01-07 09:02:43,2024-01-07,completed,mobile
11496,1462,1,2024-01-04 00:49:52,2024-01-04,completed,mobile
11497,1326,12,2024-01-27 11:18:44,2024-01-27,delivered,mobile
11498,34,13,2024-01-30 02:03:23,2024-01-30,completed,online
11499,1396,4,2024-01-17 08:43:55,2024-01-17,completed,in_store
11500,1376,5,2024-01-01 05:09:15,2024-01-01,completed,mobile
